"Time","Packed_OW1","Packed_RGB","Packed_OW2","Packed_KEG"
2025-08-27 10:00:00,,106,,
2025-08-27 11:00:00,,97.6,,
2025-08-27 12:00:00,115,90.5,,
2025-08-27 13:00:00,158,114,49,
2025-08-27 14:00:00,151,76.7,102,
2025-08-27 15:00:00,201,109,120,
2025-08-27 16:00:00,60.0,124,109,
2025-08-27 17:00:00,56,93.6,83,
2025-08-27 18:00:00,206,117,39,
2025-08-27 19:00:00,198,53.3,86,
2025-08-27 20:00:00,203,0,125,
2025-08-27 21:00:00,222,,69,
2025-08-27 22:00:00,201,0,68,
2025-08-27 23:00:00,200,0,130,
2025-08-28 00:00:00,181,0,108,
2025-08-28 01:00:00,212,0,125,
2025-08-28 02:00:00,44,0,128,
2025-08-28 03:00:00,105,0,117,
2025-08-28 04:00:00,137,0,86,
2025-08-28 05:00:00,207,0,110,
2025-08-28 06:00:00,26,0,103,
2025-08-28 07:00:00,165,26.4,111,
2025-08-28 08:00:00,141,80.1,80,
2025-08-28 09:00:00,75,84.0,1,0
2025-08-28 10:00:00,114,82.9,55,0
2025-08-28 11:00:00,198,91.2,121,0
2025-08-28 12:00:00,163,127,92,0
2025-08-28 13:00:00,187,118,89,0
2025-08-28 14:00:00,202,103,91,0
2025-08-28 15:00:00,171,17.3,113,0
2025-08-28 16:00:00,195,84.9,1,0
2025-08-28 17:00:00,161,81.4,30,0
2025-08-28 18:00:00,221,78.6,74,0
2025-08-28 19:00:00,214,96.4,106,0
2025-08-28 20:00:00,222,0,69,0
2025-08-28 21:00:00,202,,52,0
2025-08-28 22:00:00,203,0,0,0
2025-08-28 23:00:00,179,0,102,0
2025-08-29 00:00:00,205,0,101,0
2025-08-29 01:00:00,223,0,68,0
2025-08-29 02:00:00,198,0,86,0
2025-08-29 03:00:00,222,0,112,0
2025-08-29 04:00:00,223,0,115,0
2025-08-29 05:00:00,189,0,75,0
2025-08-29 06:00:00,219,0,18,0
2025-08-29 07:00:00,190,17.9,1,0
2025-08-29 08:00:00,202,111,6,0
2025-08-29 09:00:00,222,62.5,103,0
2025-08-29 10:00:00,207,92.3,129,0
2025-08-29 11:00:00,221,94.1,113,0
2025-08-29 12:00:00,185,109,118,0
2025-08-29 13:00:00,185,109,121,0
2025-08-29 14:00:00,208,65.6,110,0
2025-08-29 15:00:00,198,61.5,112,0
2025-08-29 16:00:00,218,120,125,0
2025-08-29 17:00:00,214,71.2,120,0
2025-08-29 18:00:00,170,112,109,0
2025-08-29 19:00:00,220,,105,0
2025-08-29 20:00:00,210,0,110,0
2025-08-29 21:00:00,190,0,100,0
2025-08-29 22:00:00,210,0,101,0
2025-08-29 23:00:00,210,0,120,0
2025-08-30 00:00:00,200,0,105,0
2025-08-30 01:00:00,190,0,0,0
2025-08-30 02:00:00,,0,,0
2025-08-30 03:00:00,0,0,0,0
2025-08-30 04:00:00,0,0,0,0
2025-08-30 05:00:00,0,0,0,0
2025-08-30 06:00:00,0,0,0,0
2025-08-30 07:00:00,0,0,0,0
2025-08-30 08:00:00,0,0,0,0
2025-08-30 09:00:00,0,0,0,0
2025-08-30 10:00:00,0,0,0,0
2025-08-30 11:00:00,0,0,0,0
2025-08-30 12:00:00,0,0,0,0
2025-08-30 13:00:00,0,0,0,0
2025-08-30 14:00:00,0,0,0,0
2025-08-30 15:00:00,0,0,0,0
2025-08-30 16:00:00,0,0,0,0
2025-08-30 17:00:00,0,0,0,0
2025-08-30 18:00:00,0,0,0,0
2025-08-30 19:00:00,0,0,0,0
2025-08-30 20:00:00,0,0,0,0
2025-08-30 21:00:00,0,0,0,0
2025-08-30 22:00:00,0,0,0,0
2025-08-30 23:00:00,0,0,0,0
2025-08-31 00:00:00,0,0,0,0
2025-08-31 01:00:00,0,0,0,0
2025-08-31 02:00:00,0,0,0,0
2025-08-31 03:00:00,0,0,0,0
2025-08-31 04:00:00,0,0,0,0
2025-08-31 05:00:00,0,0,0,0
2025-08-31 06:00:00,0,0,0,0
2025-08-31 07:00:00,0,0,0,0
2025-08-31 08:00:00,0,0,0,0
2025-08-31 09:00:00,0,0,0,0
2025-08-31 10:00:00,0,0,0,0
2025-08-31 11:00:00,0,0,0,0
2025-08-31 12:00:00,0,0,0,0
2025-08-31 13:00:00,0,0,0,0
2025-08-31 14:00:00,0,0,0,0
2025-08-31 15:00:00,0,0,0,0
2025-08-31 16:00:00,0,0,0,0
2025-08-31 17:00:00,0,0,0,0
2025-08-31 18:00:00,0,0,0,0
2025-08-31 19:00:00,0,0,0,0
2025-08-31 20:00:00,0,0,0,0
2025-08-31 21:00:00,0,0,0,0
2025-08-31 22:00:00,0,0,0,0
2025-08-31 23:00:00,0,0,0,0
2025-09-01 00:00:00,0,0,0,0
2025-09-01 01:00:00,0,0,0,0
2025-09-01 02:00:00,0,0,0,0
2025-09-01 03:00:00,0,0,0,0
2025-09-01 04:00:00,0,0,0,0
2025-09-01 05:00:00,0,0,0,0
2025-09-01 06:00:00,0,0,0,0
2025-09-01 07:00:00,27.1,0,0,0
2025-09-01 08:00:00,119,0,6.70,0
2025-09-01 09:00:00,210,0,0,0
2025-09-01 10:00:00,163,0,,0
2025-09-01 11:00:00,153,0,0,0
2025-09-01 12:00:00,195,0,61.6,0
2025-09-01 13:00:00,215,46.5,146,0
2025-09-01 14:00:00,212,40.8,62.3,0
2025-09-01 15:00:00,205,50.0,153,0
2025-09-01 16:00:00,165,0,135,0
2025-09-01 17:00:00,211,48.5,113,0
2025-09-01 18:00:00,213,29.1,160,0
2025-09-01 19:00:00,212,32.5,169,0
2025-09-01 20:00:00,48,0,43.2,0
2025-09-01 21:00:00,47,,16,0
2025-09-01 22:00:00,0,0,104,0
2025-09-01 23:00:00,0,0,141,0
2025-09-02 00:00:00,112,0,162,0
2025-09-02 01:00:00,185,0,159,0
2025-09-02 02:00:00,125,0,163,0
2025-09-02 03:00:00,214,0,141,0
2025-09-02 04:00:00,223,0,138,0
2025-09-02 05:00:00,192,0,145,0
2025-09-02 06:00:00,180,0,157,0
2025-09-02 07:00:00,109,19.7,153,0
2025-09-02 08:00:00,204,41.5,149,0
2025-09-02 09:00:00,116,49.6,1,0
2025-09-02 10:00:00,120,42.2,107,0
2025-09-02 11:00:00,218,17.1,158,0
2025-09-02 12:00:00,164,46.5,134,0
2025-09-02 13:00:00,202,53.0,141,0
2025-09-02 14:00:00,186,1.70,139,0
2025-09-02 15:00:00,139,47.3,169,0
2025-09-02 16:00:00,208,40.8,165,0
2025-09-02 17:00:00,182,24.2,140,0
2025-09-02 18:00:00,196,51.5,168,0
2025-09-02 19:00:00,222,26.4,172,0
2025-09-02 20:00:00,215,0,161,0
2025-09-02 21:00:00,183,,165,46.6
2025-09-02 22:00:00,141,0,169,18.9
2025-09-02 23:00:00,186,0,153,0
2025-09-03 00:00:00,222,0,138,0.380
2025-09-03 01:00:00,222,0,167,44.4
2025-09-03 02:00:00,219,0,163,33.0
2025-09-03 03:00:00,215,0,161,30.6
2025-09-03 04:00:00,173,0,138,30.5
2025-09-03 05:00:00,222,0,169,30.5
2025-09-03 06:00:00,204,0,135,30.4
2025-09-03 07:00:00,198,0,149,30.2
2025-09-03 08:00:00,190,0,166,30.5
2025-09-03 09:00:00,41,0,167,30.3
2025-09-03 10:00:00,183,0,88,30.7
2025-09-03 11:00:00,221,0,83,30.3
2025-09-03 12:00:00,218,0,89,29.9
2025-09-03 13:00:00,221,0,166,30.3
2025-09-03 14:00:00,173,0,128,30.5
2025-09-03 15:00:00,182,0,165,30.7
2025-09-03 16:00:00,222,0,163,30.8
2025-09-03 17:00:00,146,0,162,30.7
2025-09-03 18:00:00,140,0,165,30.7
2025-09-03 19:00:00,140,0,159,30.6
2025-09-03 20:00:00,70,0,157,30.7
2025-09-03 21:00:00,130,0,170,34.3
2025-09-03 22:00:00,0,0,153,
2025-09-03 23:00:00,,0,141,0
2025-09-04 00:00:00,0,0,155,0
2025-09-04 01:00:00,113,0,161,0
2025-09-04 02:00:00,141,0,172,0
2025-09-04 03:00:00,70.1,0,169,11.4
2025-09-04 04:00:00,62.1,0,148,47.3
2025-09-04 05:00:00,108,0,130,38.6
2025-09-04 06:00:00,123,0,0,30.3
2025-09-04 07:00:00,137,0,,30.3
2025-09-04 08:00:00,109,0,0,30.2
2025-09-04 09:00:00,115,0,0,30.2
2025-09-04 10:00:00,111,0,55.3,30.3
2025-09-04 11:00:00,127,0,98.1,30.7
2025-09-04 12:00:00,113,0,83.8,30.5
2025-09-04 13:00:00,126,0,71.3,36.8
2025-09-04 14:00:00,112,0,67.9,26.9
2025-09-04 15:00:00,112,0,72.9,5.40
2025-09-04 16:00:00,100,0,102,45.9
2025-09-04 17:00:00,144,0,67.6,32.8
2025-09-04 18:00:00,103,0,109,30.6
2025-09-04 19:00:00,131,0,119,31.1
2025-09-04 20:00:00,142,0,114,39.9
2025-09-04 21:00:00,119,0,106,32.7
2025-09-04 22:00:00,144,0,86,30.7
2025-09-04 23:00:00,150,0,113,30.8
2025-09-05 00:00:00,142,0,123,30.5
2025-09-05 01:00:00,139,0,113,30.6
2025-09-05 02:00:00,139,0,96,30.6
2025-09-05 03:00:00,145,0,100,30.4
2025-09-05 04:00:00,115,0,97,30.5
2025-09-05 05:00:00,128,0,109,30.6
2025-09-05 06:00:00,67,0,92,26.2
2025-09-05 07:00:00,89,0,72.0,0
2025-09-05 08:00:00,125,0,34,20.7
2025-09-05 09:00:00,149,0,65,39.6
2025-09-05 10:00:00,104,0,113,30.7
2025-09-05 11:00:00,136,0,35,30.9
2025-09-05 12:00:00,130,0,0,30.3
2025-09-05 13:00:00,123,0,0,32.0
2025-09-05 14:00:00,15,0,,30
2025-09-05 15:00:00,118,0,0,0
2025-09-05 16:00:00,146,0,0,40
2025-09-05 17:00:00,133,0,0,31
2025-09-05 18:00:00,136,0,0,30
2025-09-05 19:00:00,123,0,0,31
2025-09-05 20:00:00,129,0,0,31
2025-09-05 21:00:00,110,0,0,31
2025-09-05 22:00:00,42,0,0,15
2025-09-05 23:00:00,,0,0,10
2025-09-06 00:00:00,0,0,0,40
2025-09-06 01:00:00,0,0,0,13
2025-09-06 02:00:00,0,0,0,
2025-09-06 03:00:00,0,0,0,0
2025-09-06 04:00:00,0,0,0,0
2025-09-06 05:00:00,0,0,0,0
2025-09-06 06:00:00,0,0,0,0
2025-09-06 07:00:00,0,0,0,0
2025-09-06 08:00:00,0,0,0,0
2025-09-06 09:00:00,0,0,0,0
2025-09-06 10:00:00,0,0,0,0
2025-09-06 11:00:00,0,0,0,0
2025-09-06 12:00:00,0,0,0,0
2025-09-06 13:00:00,0,0,0,0
2025-09-06 14:00:00,0,0,0,0
2025-09-06 15:00:00,0,0,0,0
2025-09-06 16:00:00,0,0,0,0
2025-09-06 17:00:00,0,0,0,0
2025-09-06 18:00:00,0,0,0,0
2025-09-06 19:00:00,0,0,0,0
2025-09-06 20:00:00,0,0,0,0
2025-09-06 21:00:00,0,0,0,0
2025-09-06 22:00:00,0,0,0,0
2025-09-06 23:00:00,0,0,0,0
2025-09-07 00:00:00,0,0,0,0
2025-09-07 01:00:00,0,0,0,0
2025-09-07 02:00:00,0,0,0,0
2025-09-07 03:00:00,0,0,0,0
2025-09-07 04:00:00,0,0,0,0
2025-09-07 05:00:00,0,0,0,0
2025-09-07 06:00:00,0,0,0,0
2025-09-07 07:00:00,0,0,0,0
2025-09-07 08:00:00,0,0,0,0
2025-09-07 09:00:00,0,0,0,0
2025-09-07 10:00:00,0,0,0,0
2025-09-07 11:00:00,0,0,0,0
2025-09-07 12:00:00,0,0,0,0
2025-09-07 13:00:00,0,0,0,0
2025-09-07 14:00:00,0,0,0,0
2025-09-07 15:00:00,0,0,0,0
2025-09-07 16:00:00,0,0,0,0
2025-09-07 17:00:00,0,0,0,0
2025-09-07 18:00:00,0,0,0,0
2025-09-07 19:00:00,0,0,0,0
2025-09-07 20:00:00,0,0,0,0
2025-09-07 21:00:00,0,0,0,0
2025-09-07 22:00:00,0,0,0,0
2025-09-07 23:00:00,0,0,0,0
2025-09-08 00:00:00,0,0,0,0
2025-09-08 01:00:00,0,0,0,0
2025-09-08 02:00:00,0,0,0,0
2025-09-08 03:00:00,0,0,0,0
2025-09-08 04:00:00,0,0,0,0
2025-09-08 05:00:00,0,0,0,0
2025-09-08 06:00:00,0,0,0,0
2025-09-08 07:00:00,0,0,0,0
2025-09-08 08:00:00,0,0,0,0
2025-09-08 09:00:00,0,0,0,0
2025-09-08 10:00:00,0,0,0,0
2025-09-08 11:00:00,0,0,0,0
2025-09-08 12:00:00,0,0,0,0
2025-09-08 13:00:00,0,0,0,0
2025-09-08 14:00:00,0,0,0,0
2025-09-08 15:00:00,0,0,0,0
2025-09-08 16:00:00,0,0,0,0
2025-09-08 17:00:00,0,0,0,0
2025-09-08 18:00:00,0,0,0,0
2025-09-08 19:00:00,0,0,0,0
2025-09-08 20:00:00,0,0,0,0
2025-09-08 21:00:00,0,0,0,0
2025-09-08 22:00:00,0,0,0,0
2025-09-08 23:00:00,0,0,0,0
2025-09-09 00:00:00,0,0,0,0
2025-09-09 01:00:00,0,0,0,0
2025-09-09 02:00:00,0,0,0,0
2025-09-09 03:00:00,0,0,0,0
2025-09-09 04:00:00,0,0,0,0
2025-09-09 05:00:00,0,0,0,0
2025-09-09 06:00:00,0,0,0,0
2025-09-09 07:00:00,0,0,0,0
2025-09-09 08:00:00,0,0,0,0
2025-09-09 09:00:00,0,0,0,0
2025-09-09 10:00:00,0,0,0,0
2025-09-09 11:00:00,0,0,0,0
2025-09-09 12:00:00,0,0,0,0
2025-09-09 13:00:00,0,0,0,0
2025-09-09 14:00:00,0,0,0,0
2025-09-09 15:00:00,0,0,0,0
2025-09-09 16:00:00,0,0,0,0
2025-09-09 17:00:00,0,0,0,0
2025-09-09 18:00:00,0,0,0,0
2025-09-09 19:00:00,0,0,0,0
2025-09-09 20:00:00,16.5,0,0.800,0
2025-09-09 21:00:00,67.2,0,73.3,0
2025-09-09 22:00:00,132,0,104,0
2025-09-09 23:00:00,114,0,33.9,44.7
2025-09-10 00:00:00,133,0,46.6,34.6
2025-09-10 01:00:00,128,0,94.3,30.4
2025-09-10 02:00:00,139,0,76.7,30.5
2025-09-10 03:00:00,135,0,94.2,39.1
2025-09-10 04:00:00,82.6,0,85.0,34.0
2025-09-10 05:00:00,144,0,75.6,34.2
2025-09-10 06:00:00,137,0,104,31.0
2025-09-10 07:00:00,139,0,129,30.3
2025-09-10 08:00:00,138,0,121,13.3
2025-09-10 09:00:00,122,0,135,20.0
2025-09-10 10:00:00,137,0,129,39.2
2025-09-10 11:00:00,148,0,122,31.1
2025-09-10 12:00:00,113,0,124,30.6
2025-09-10 13:00:00,133,0,102,30.2
2025-09-10 14:00:00,139,0,116,30.1
2025-09-10 15:00:00,135,0,88,30.5
2025-09-10 16:00:00,136,0,132,30.6
2025-09-10 17:00:00,41,0,94.0,30.7
2025-09-10 18:00:00,0,0,115,30.7
2025-09-10 19:00:00,0,0,126,30.7
2025-09-10 20:00:00,,0,131,30.7
2025-09-10 21:00:00,80.5,0,119,30.8
2025-09-10 22:00:00,172,0,64,12.2
2025-09-10 23:00:00,157,0,127,23.9
2025-09-11 00:00:00,174,0,127,40.4
2025-09-11 01:00:00,59.4,0,130,30.6
2025-09-11 02:00:00,149,0,20,33.8
2025-09-11 03:00:00,221,0,35,38.7
2025-09-11 04:00:00,192,0,109,31.3
2025-09-11 05:00:00,167,0,122,32.9
2025-09-11 06:00:00,173,0,109,31.2
2025-09-11 07:00:00,172,0,130,30.1
2025-09-11 08:00:00,34,0,132,3.00
2025-09-11 09:00:00,181,0,130,35
2025-09-11 10:00:00,159,0,127,33
2025-09-11 11:00:00,217,0,91,30
2025-09-11 12:00:00,180,0,95.0,36
2025-09-11 13:00:00,174,0,117,34
2025-09-11 14:00:00,184,0,126,31
2025-09-11 15:00:00,130,0,83,31
2025-09-11 16:00:00,169,0,73,31
2025-09-11 17:00:00,127,0,112,31
2025-09-11 18:00:00,217,0,133,30
2025-09-11 19:00:00,219,0,117,31
2025-09-11 20:00:00,187,0,132,31
2025-09-11 21:00:00,213,0,121,31
2025-09-11 22:00:00,191,0,121,30
2025-09-11 23:00:00,195,0,129,32
2025-09-12 00:00:00,209,0,132,38
2025-09-12 01:00:00,207,0,104,24
2025-09-12 02:00:00,190,0,133,0
2025-09-12 03:00:00,120,0,128,
2025-09-12 04:00:00,195,0,123,0
2025-09-12 05:00:00,113,0,107,0
2025-09-12 06:00:00,0,0,90,0
2025-09-12 07:00:00,12,0,127,0
2025-09-12 08:00:00,211,0,64,0
2025-09-12 09:00:00,152,0,0,0
2025-09-12 10:00:00,120,0,,0
2025-09-12 11:00:00,184,0,96.4,0
2025-09-12 12:00:00,124,0,112,0
2025-09-12 13:00:00,148,0,132,0
2025-09-12 14:00:00,118,0,103,0
2025-09-12 15:00:00,194,0,67.9,0
2025-09-12 16:00:00,195,0,0,0
2025-09-12 17:00:00,203,0,,0
2025-09-12 18:00:00,206,0,0,0
2025-09-12 19:00:00,207,0,0,0
2025-09-12 20:00:00,218,0,0,0
2025-09-12 21:00:00,209,0,0,0
2025-09-12 22:00:00,68,0,0,0
2025-09-12 23:00:00,0,0,0,0
2025-09-13 00:00:00,133,0,0,0
2025-09-13 01:00:00,194,0,0,0
2025-09-13 02:00:00,61,0,0,0
2025-09-13 03:00:00,,0,0,0
2025-09-13 04:00:00,0,0,0,0
2025-09-13 05:00:00,0,0,0,0
2025-09-13 06:00:00,0,0,0,0
2025-09-13 07:00:00,0,0,0,0
2025-09-13 08:00:00,0,0,0,0
2025-09-13 09:00:00,0,0,0,0
2025-09-13 10:00:00,0,0,0,0
2025-09-13 11:00:00,0,0,0,0
2025-09-13 12:00:00,0,0,0,0
2025-09-13 13:00:00,0,0,0,0
2025-09-13 14:00:00,0,0,0,0
2025-09-13 15:00:00,0,0,0,0
2025-09-13 16:00:00,0,0,0,0
2025-09-13 17:00:00,0,0,0,0
2025-09-13 18:00:00,0,0,0,0
2025-09-13 19:00:00,0,0,0,0
2025-09-13 20:00:00,0,0,0,0
2025-09-13 21:00:00,0,0,0,0
2025-09-13 22:00:00,0,0,0,0
2025-09-13 23:00:00,0,0,0,0
2025-09-14 00:00:00,0,0,0,0
2025-09-14 01:00:00,0,0,0,0
2025-09-14 02:00:00,0,0,0,0
2025-09-14 03:00:00,0,0,0,0
2025-09-14 04:00:00,0,0,0,0
2025-09-14 05:00:00,0,0,0,0
2025-09-14 06:00:00,0,0,0,0
2025-09-14 07:00:00,0,0,0,0
2025-09-14 08:00:00,0,0,0,0
2025-09-14 09:00:00,0,0,0,0
2025-09-14 10:00:00,0,0,0,0
2025-09-14 11:00:00,0,0,0,0
2025-09-14 12:00:00,0,0,0,0
2025-09-14 13:00:00,0,0,0,0
2025-09-14 14:00:00,0,0,0,0
2025-09-14 15:00:00,0,0,0,0
2025-09-14 16:00:00,0,0,0,0
2025-09-14 17:00:00,0,0,0,0
2025-09-14 18:00:00,0,0,0,0
2025-09-14 19:00:00,0,0,0,0
2025-09-14 20:00:00,0,0,0,0
2025-09-14 21:00:00,0,0,0,0
2025-09-14 22:00:00,0,0,0,0
2025-09-14 23:00:00,0,0,0,0
2025-09-15 00:00:00,0,0,0,0
2025-09-15 01:00:00,0,0,0,0
2025-09-15 02:00:00,0,0,0,0
2025-09-15 03:00:00,0,0,0,0
2025-09-15 04:00:00,0,0,0,0
2025-09-15 05:00:00,0,0,0,0
2025-09-15 06:00:00,0,0,0,0
2025-09-15 07:00:00,0,0,0,0
2025-09-15 08:00:00,0,0,0,0
2025-09-15 09:00:00,0,0,0,0
2025-09-15 10:00:00,0,0,0,0
2025-09-15 11:00:00,0,0,0,0
2025-09-15 12:00:00,0,0,0,0
2025-09-15 13:00:00,0,0,0,0
2025-09-15 14:00:00,0,0,0,0
2025-09-15 15:00:00,0,0,0,0
2025-09-15 16:00:00,0,0,0,0
2025-09-15 17:00:00,0,0,0,0
2025-09-15 18:00:00,0,0,0,0
2025-09-15 19:00:00,0,0,0,0
2025-09-15 20:00:00,0,0,0,0
2025-09-15 21:00:00,0,0,0,0
2025-09-15 22:00:00,0,0,0,0
2025-09-15 23:00:00,0,0,0,0
2025-09-16 00:00:00,0,0,0,0
2025-09-16 01:00:00,0,0,0,0
2025-09-16 02:00:00,0,0,0,0
2025-09-16 03:00:00,0,0,0,0
2025-09-16 04:00:00,0,0,0,0
2025-09-16 05:00:00,0,0,0,0
2025-09-16 06:00:00,0,0,0,0
2025-09-16 07:00:00,0,0,0,0
2025-09-16 08:00:00,0,0,0,0
2025-09-16 09:00:00,0,0,0,0
2025-09-16 10:00:00,0,0,0,0
2025-09-16 11:00:00,0,0,0,0
2025-09-16 12:00:00,0,0,0,0
2025-09-16 13:00:00,0,0,0,0
2025-09-16 14:00:00,0,0,0,0
2025-09-16 15:00:00,0,0,0,0
2025-09-16 16:00:00,0,0,0,0
2025-09-16 17:00:00,0,0,0,0
2025-09-16 18:00:00,0,0,0,0
2025-09-16 19:00:00,0,0,0,0
2025-09-16 20:00:00,0,0,5.80,0
2025-09-16 21:00:00,77.8,0,83.4,0
2025-09-16 22:00:00,160,0,135,0
2025-09-16 23:00:00,147,0,9.10,0
2025-09-17 00:00:00,130,0,108,0
2025-09-17 01:00:00,170,0,97.0,0
2025-09-17 02:00:00,125,0,123,0
2025-09-17 03:00:00,141,0,120,0
2025-09-17 04:00:00,161,0,86.4,0
2025-09-17 05:00:00,170,0,73.8,0
2025-09-17 06:00:00,163,0,123,0
2025-09-17 07:00:00,170,0,110,0
2025-09-17 08:00:00,165,52.9,102,0
2025-09-17 09:00:00,169,36.2,97,0
2025-09-17 10:00:00,169,58.7,120,0
2025-09-17 11:00:00,170,52.4,75,0
2025-09-17 12:00:00,159,76.8,120,0
2025-09-17 13:00:00,147,79.3,112,0
2025-09-17 14:00:00,162,76.3,109,0
2025-09-17 15:00:00,163,71.8,68,0
2025-09-17 16:00:00,163,46.7,111,0
2025-09-17 17:00:00,169,85.2,106,0
2025-09-17 18:00:00,171,70.6,130,0
2025-09-17 19:00:00,169,24.1,15,0
2025-09-17 20:00:00,145,0,12,0
2025-09-17 21:00:00,170,,27,0
2025-09-17 22:00:00,144,0,1,0
2025-09-17 23:00:00,178,0,67,0
2025-09-18 00:00:00,161,0,90,0
2025-09-18 01:00:00,169,0,121,0
2025-09-18 02:00:00,169,0,118,0
2025-09-18 03:00:00,161,0,92,0
2025-09-18 04:00:00,179,0,91,0
2025-09-18 05:00:00,148,0,116,0
2025-09-18 06:00:00,121,0,114,0
2025-09-18 07:00:00,115,35.0,129,0
2025-09-18 08:00:00,119,80.1,133,0
2025-09-18 09:00:00,37,42.7,125,0
2025-09-18 10:00:00,88,48.4,113,0
2025-09-18 11:00:00,128,49.5,132,0
2025-09-18 12:00:00,157,75.4,137,0
2025-09-18 13:00:00,165,72.4,85,0
2025-09-18 14:00:00,162,69.7,108,0
2025-09-18 15:00:00,159,42.1,110,0
2025-09-18 16:00:00,164,5.50,127,0
2025-09-18 17:00:00,144,0,111,0
2025-09-18 18:00:00,167,,86,0
2025-09-18 19:00:00,156,0,104,0
2025-09-18 20:00:00,169,0,121,0
2025-09-18 21:00:00,169,0,135,0
2025-09-18 22:00:00,159,0,125,0
2025-09-18 23:00:00,162,0,119,0
2025-09-19 00:00:00,155,0,60,0
2025-09-19 01:00:00,166,0,122,0
2025-09-19 02:00:00,169,0,,0
2025-09-19 03:00:00,167,0,25.7,0
2025-09-19 04:00:00,155,0,121,0
2025-09-19 05:00:00,154,0,103,0
2025-09-19 06:00:00,155,0,82.2,0
2025-09-19 07:00:00,90,0,84.0,0
2025-09-19 08:00:00,145,0,88.3,0
2025-09-19 09:00:00,169,4.88,104,0
2025-09-19 10:00:00,158,92.7,110,0
2025-09-19 11:00:00,162,115,80.2,0
2025-09-19 12:00:00,162,110,78.8,0
2025-09-19 13:00:00,139,113,112,0
2025-09-19 14:00:00,139,103,55.2,0
2025-09-19 15:00:00,160,103,0,0
2025-09-19 16:00:00,170,90.2,0,0
2025-09-19 17:00:00,160,96.4,,0
2025-09-19 18:00:00,170,98.1,0,0
2025-09-19 19:00:00,150,80.5,0,0
2025-09-19 20:00:00,150,,0,0
2025-09-19 21:00:00,150,0,0,0
2025-09-19 22:00:00,160,0,0,0
2025-09-19 23:00:00,150,0,0,0
2025-09-20 00:00:00,170,0,0,0
2025-09-20 01:00:00,160,0,0,0
2025-09-20 02:00:00,,0,0,0
2025-09-20 03:00:00,0,0,0,0
2025-09-20 04:00:00,0,0,0,0
2025-09-20 05:00:00,0,0,0,0
2025-09-20 06:00:00,0,0,0,0
2025-09-20 07:00:00,0,0,0,0
2025-09-20 08:00:00,0,0,0,0
2025-09-20 09:00:00,0,0,0,0
2025-09-20 10:00:00,0,0,0,0
2025-09-20 11:00:00,0,0,0,0
2025-09-20 12:00:00,0,0,0,0
2025-09-20 13:00:00,0,0,0,0
2025-09-20 14:00:00,0,0,0,0
2025-09-20 15:00:00,0,0,0,0
2025-09-20 16:00:00,0,0,0,0
2025-09-20 17:00:00,0,0,0,0
2025-09-20 18:00:00,0,0,0,0
2025-09-20 19:00:00,0,0,0,0
2025-09-20 20:00:00,0,0,0,0
2025-09-20 21:00:00,0,0,0,0
2025-09-20 22:00:00,0,0,0,0
2025-09-20 23:00:00,0,0,0,0
2025-09-21 00:00:00,0,0,0,0
2025-09-21 01:00:00,0,0,0,0
2025-09-21 02:00:00,0,0,0,0
2025-09-21 03:00:00,0,0,0,0
2025-09-21 04:00:00,0,0,0,0
2025-09-21 05:00:00,0,0,0,0
2025-09-21 06:00:00,0,0,0,0
2025-09-21 07:00:00,0,0,0,0
2025-09-21 08:00:00,0,0,0,0
2025-09-21 09:00:00,0,0,0,0
2025-09-21 10:00:00,0,0,0,0
2025-09-21 11:00:00,0,0,0,0
2025-09-21 12:00:00,0,0,0,0
2025-09-21 13:00:00,0,0,0,0
2025-09-21 14:00:00,0,0,0,0
2025-09-21 15:00:00,0,0,0,0
2025-09-21 16:00:00,0,0,0,0
2025-09-21 17:00:00,0,0,0,0
2025-09-21 18:00:00,0,0,0,0
2025-09-21 19:00:00,0,0,0,0
2025-09-21 20:00:00,0,0,0,0
2025-09-21 21:00:00,0,0,0,0
2025-09-21 22:00:00,0,0,0,0
2025-09-21 23:00:00,0,0,0,0
2025-09-22 00:00:00,0,0,0,0
2025-09-22 01:00:00,0,0,0,0
2025-09-22 02:00:00,0,0,0,0
2025-09-22 03:00:00,0,0,0,0
2025-09-22 04:00:00,0,0,0,0
2025-09-22 05:00:00,0,0,0,0
2025-09-22 06:00:00,0,0,0,0
2025-09-22 07:00:00,0,0,0,0
2025-09-22 08:00:00,0,0,0,0
2025-09-22 09:00:00,0,0,0,0
2025-09-22 10:00:00,0,0,0,0
2025-09-22 11:00:00,0,0,0,0
2025-09-22 12:00:00,0,0,0,0
2025-09-22 13:00:00,0,0,0,0
2025-09-22 14:00:00,0,0,0,0
2025-09-22 15:00:00,0,0,0,0
2025-09-22 16:00:00,0,0,0,0
2025-09-22 17:00:00,0,0,0,0
2025-09-22 18:00:00,0,0,0,0
2025-09-22 19:00:00,0,0,0,0
2025-09-22 20:00:00,0,0,0,0
2025-09-22 21:00:00,0,0,0,0
2025-09-22 22:00:00,0,0,0,0
2025-09-22 23:00:00,0,0,0,0
2025-09-23 00:00:00,0,0,0,0
2025-09-23 01:00:00,0,0,0,0
2025-09-23 02:00:00,0,0,0,0
2025-09-23 03:00:00,0,0,0,0
2025-09-23 04:00:00,0,0,0,0
2025-09-23 05:00:00,0,0,0,0
2025-09-23 06:00:00,0,0,0,0
2025-09-23 07:00:00,0,0,0,0
2025-09-23 08:00:00,0,0,0,0
2025-09-23 09:00:00,0,0,0,0
2025-09-23 10:00:00,0,0,0,0
2025-09-23 11:00:00,0,0,0,0
2025-09-23 12:00:00,0,0,0,0
2025-09-23 13:00:00,0,0,0,0
2025-09-23 14:00:00,0,0,0,0
2025-09-23 15:00:00,0,0,0,0
2025-09-23 16:00:00,0,0,0,0
2025-09-23 17:00:00,0,0,0,0
2025-09-23 18:00:00,0,0,0,0
2025-09-23 19:00:00,0,0,0,0
2025-09-23 20:00:00,0,0,0,0
2025-09-23 21:00:00,0,0,0,0
2025-09-23 22:00:00,0,0,0,0
2025-09-23 23:00:00,0,0,32.6,0
2025-09-24 00:00:00,0,0,103,0
2025-09-24 01:00:00,0,0,129,0
2025-09-24 02:00:00,0,0,82.6,0
2025-09-24 03:00:00,0,18.1,106,0
2025-09-24 04:00:00,0,99.3,99.0,0
2025-09-24 05:00:00,93.1,121,24.8,0
2025-09-24 06:00:00,135,102,105,0
2025-09-24 07:00:00,116,63.6,102,0
2025-09-24 08:00:00,81.9,118,98.8,0
2025-09-24 09:00:00,101,97.8,104,0
2025-09-24 10:00:00,72.6,84.5,113,0
2025-09-24 11:00:00,108,85.5,63,0
2025-09-24 12:00:00,114,14.1,106,0
2025-09-24 13:00:00,109,92.7,107,0
2025-09-24 14:00:00,112,59.0,119,0
2025-09-24 15:00:00,116,104,121,0
2025-09-24 16:00:00,63,96,104,0
2025-09-24 17:00:00,81,70,97,0
2025-09-24 18:00:00,76,109,73,0
2025-09-24 19:00:00,107,92,117,0
2025-09-24 20:00:00,91,76,108,0
2025-09-24 21:00:00,92,30,110,0
2025-09-24 22:00:00,102,69,114,0
2025-09-24 23:00:00,135,89,89,0
2025-09-25 00:00:00,123,78,58,0
2025-09-25 01:00:00,115,109,121,0
2025-09-25 02:00:00,98,96,90,0
2025-09-25 03:00:00,132,75.0,134,0
2025-09-25 04:00:00,133,70,116,0
2025-09-25 05:00:00,107,76,93,0
2025-09-25 06:00:00,117,16,113,0
2025-09-25 07:00:00,111,47,99,0
2025-09-25 08:00:00,28,100,79,0
2025-09-25 09:00:00,54,70,60,0
2025-09-25 10:00:00,48,66,63,0
2025-09-25 11:00:00,131,99,0,0
2025-09-25 12:00:00,16,115,0,0
2025-09-25 13:00:00,47,14,80,0
2025-09-25 14:00:00,0,82,118,0
2025-09-25 15:00:00,5,98,123,0
2025-09-25 16:00:00,138,71,125,0
2025-09-25 17:00:00,38,85,65,0
2025-09-25 18:00:00,0,94,110,0
2025-09-25 19:00:00,0,46,98.0,0
2025-09-25 20:00:00,0,50,122,0
2025-09-25 21:00:00,22,52,118,0
2025-09-25 22:00:00,129,76,109,0
2025-09-25 23:00:00,140,75,99,0
2025-09-26 00:00:00,129,85,121,0
2025-09-26 01:00:00,140,90,45,0
2025-09-26 02:00:00,124,92,101,0
2025-09-26 03:00:00,137,53,111,0
2025-09-26 04:00:00,124,87,111,0
2025-09-26 05:00:00,18,108,117,0
2025-09-26 06:00:00,129,93,81,0
2025-09-26 07:00:00,142,20,66,0
2025-09-26 08:00:00,126,47,54,0
2025-09-26 09:00:00,150,94,45,0
2025-09-26 10:00:00,136,85,26,0
2025-09-26 11:00:00,121,111,104,0
2025-09-26 12:00:00,148,41,108,0
2025-09-26 13:00:00,124,52,95,0
2025-09-26 14:00:00,91,41,127,0
2025-09-26 15:00:00,10,107,117,0
2025-09-26 16:00:00,101,105,127,0
2025-09-26 17:00:00,105,6,119,0
2025-09-26 18:00:00,93,79,99,0
2025-09-26 19:00:00,114,123,106,0
2025-09-26 20:00:00,65,128,122,0
2025-09-26 21:00:00,79,115,110,0
2025-09-26 22:00:00,99,106,24,0
2025-09-26 23:00:00,94,32,0,0
2025-09-27 00:00:00,123,,,0
2025-09-27 01:00:00,138,0,0,0
2025-09-27 02:00:00,,0,0,0
2025-09-27 03:00:00,0,0,0,0
2025-09-27 04:00:00,0,0,0,0
2025-09-27 05:00:00,0,0,0,0
2025-09-27 06:00:00,0,0,0,0
2025-09-27 07:00:00,0,0,0,0
2025-09-27 08:00:00,0,0,0,0
2025-09-27 09:00:00,0,0,0,0
2025-09-27 10:00:00,0,0,0,0
2025-09-27 11:00:00,0,0,0,0
2025-09-27 12:00:00,0,0,0,0
2025-09-27 13:00:00,0,0,0,0
2025-09-27 14:00:00,0,0,0,0
2025-09-27 15:00:00,0,0,0,0
2025-09-27 16:00:00,0,0,0,0
2025-09-27 17:00:00,0,0,0,0
2025-09-27 18:00:00,0,0,0,0
2025-09-27 19:00:00,0,0,0,0
2025-09-27 20:00:00,0,0,0,0
2025-09-27 21:00:00,0,0,0,0
2025-09-27 22:00:00,0,0,0,0
2025-09-27 23:00:00,0,0,0,0
2025-09-28 00:00:00,0,0,0,0
2025-09-28 01:00:00,0,0,0,0
2025-09-28 02:00:00,0,0,0,0
2025-09-28 03:00:00,0,0,0,0
2025-09-28 04:00:00,0,0,0,0
2025-09-28 05:00:00,0,0,0,0
2025-09-28 06:00:00,0,0,0,0
2025-09-28 07:00:00,0,0,0,0
2025-09-28 08:00:00,0,0,0,0
2025-09-28 09:00:00,0,0,0,0
2025-09-28 10:00:00,0,0,0,0
2025-09-28 11:00:00,0,0,0,0
2025-09-28 12:00:00,0,0,0,0
2025-09-28 13:00:00,0,0,0,0
2025-09-28 14:00:00,0,0,0,0
2025-09-28 15:00:00,0,0,0,0
2025-09-28 16:00:00,0,0,0,0
2025-09-28 17:00:00,0,0,0,0
2025-09-28 18:00:00,0,0,0,0
2025-09-28 19:00:00,0,0,0,0
2025-09-28 20:00:00,0,0,0,0
2025-09-28 21:00:00,0,0,0,0
2025-09-28 22:00:00,0,0,0,0
2025-09-28 23:00:00,0,0,0,0
2025-09-29 00:00:00,0,0,0,0
2025-09-29 01:00:00,0,0,0,0
2025-09-29 02:00:00,0,0,0,0
2025-09-29 03:00:00,0,0,0,0
2025-09-29 04:00:00,0,0,0,0
2025-09-29 05:00:00,0,0,0,0
2025-09-29 06:00:00,0,0,0,0
2025-09-29 07:00:00,0,0,0,0
2025-09-29 08:00:00,0,0,0,0
2025-09-29 09:00:00,0,0,0,0
2025-09-29 10:00:00,0,0,0,0
2025-09-29 11:00:00,0,0,0,0
2025-09-29 12:00:00,0,0,0,0
2025-09-29 13:00:00,0,0,0,0
2025-09-29 14:00:00,0,0,0,0
2025-09-29 15:00:00,0,0,0,0
2025-09-29 16:00:00,0,0,0,0
2025-09-29 17:00:00,0,0,0,0
2025-09-29 18:00:00,0,0,0,0
2025-09-29 19:00:00,0,0,0,0
2025-09-29 20:00:00,0,0,0,0
2025-09-29 21:00:00,0,0,0,0
2025-09-29 22:00:00,0,0,0,0
2025-09-29 23:00:00,0,0,0,0
2025-09-30 00:00:00,0,0,0,0
2025-09-30 01:00:00,0,0,0,0
2025-09-30 02:00:00,0,0,0,0
2025-09-30 03:00:00,0,0,0,0
2025-09-30 04:00:00,0,0,0,0
2025-09-30 05:00:00,0,0,0,0
2025-09-30 06:00:00,0,0,0,0
2025-09-30 07:00:00,0,0,0,0
2025-09-30 08:00:00,0,0,0,0
2025-09-30 09:00:00,0,0,0,0
2025-09-30 10:00:00,0,0,0,0
2025-09-30 11:00:00,0,0,0,0
2025-09-30 12:00:00,0,0,0,0
2025-09-30 13:00:00,0,0,0,0
2025-09-30 14:00:00,0,0,0,0
2025-09-30 15:00:00,0,0,0,0
2025-09-30 16:00:00,0,0,0,0
2025-09-30 17:00:00,0,0,0,0
2025-09-30 18:00:00,0,0,0,0
2025-09-30 19:00:00,0,0,0,0
2025-09-30 20:00:00,0,0,0,0
2025-09-30 21:00:00,0,0,0,0
2025-09-30 22:00:00,0,0,0,0
2025-09-30 23:00:00,142,0,24.2,0
2025-10-01 00:00:00,222,0,99.1,0
2025-10-01 01:00:00,20.4,0,120,0
2025-10-01 02:00:00,0,0,40.9,0
2025-10-01 03:00:00,115,0,123,0
2025-10-01 04:00:00,199,0,127,0
2025-10-01 05:00:00,0,0,72.2,0
2025-10-01 06:00:00,0,0,145,0
2025-10-01 07:00:00,0,0,138,0
2025-10-01 08:00:00,0,0,143,0
2025-10-01 09:00:00,0,0,68,0
2025-10-01 10:00:00,0,0,0,0
2025-10-01 11:00:00,0,0,,0
2025-10-01 12:00:00,,0,9.50,0
2025-10-01 13:00:00,0,0,66.8,0
2025-10-01 14:00:00,96.8,0,155,0
2025-10-01 15:00:00,203,0,155,0
2025-10-01 16:00:00,222,0,148,0
2025-10-01 17:00:00,192,0,149,0
2025-10-01 18:00:00,189,0,68.2,0
2025-10-01 19:00:00,222,0,142,0
2025-10-01 20:00:00,223,0,137,0
2025-10-01 21:00:00,168,0,94,0
2025-10-01 22:00:00,202,0,100,0
2025-10-01 23:00:00,203,0,118,0
2025-10-02 00:00:00,222,0,155,0
2025-10-02 01:00:00,174,0,160,0
2025-10-02 02:00:00,192,0,145,0
2025-10-02 03:00:00,182,0,140,0
2025-10-02 04:00:00,208,0,127,7.46
2025-10-02 05:00:00,158,0,163,44.6
2025-10-02 06:00:00,33,0,165,9.52
2025-10-02 07:00:00,155,0,163,0
2025-10-02 08:00:00,154,0,167,0
2025-10-02 09:00:00,202,0,149,0
2025-10-02 10:00:00,171,0,141,23.4
2025-10-02 11:00:00,70,0,169,35.2
2025-10-02 12:00:00,75,0,148,30.2
2025-10-02 13:00:00,212,0,167,30.2
2025-10-02 14:00:00,217,0,156,13.5
2025-10-02 15:00:00,214,0,172,1.00
2025-10-02 16:00:00,200,0,151,43.7
2025-10-02 17:00:00,221,0,86,31.0
2025-10-02 18:00:00,198,0,168,31.0
2025-10-02 19:00:00,134,0,152,30.1
2025-10-02 20:00:00,180,0,28,30.1
2025-10-02 21:00:00,222,0,165,30.1
2025-10-02 22:00:00,196,0,131,11.6
2025-10-02 23:00:00,213,0,150,12.7
2025-10-03 00:00:00,217,0,152,41.7
2025-10-03 01:00:00,205,0,158,30.7
2025-10-03 02:00:00,214,0,37,30.6
2025-10-03 03:00:00,222,0,162,30.7
2025-10-03 04:00:00,179,0,166,30.9
2025-10-03 05:00:00,221,0,154,30.6
2025-10-03 06:00:00,179,0,167,17.7
2025-10-03 07:00:00,220,0,164,0
2025-10-03 08:00:00,211,0,131,0
2025-10-03 09:00:00,114,0,147,0
2025-10-03 10:00:00,87,0,165,44.6
2025-10-03 11:00:00,217,0,165,34.6
2025-10-03 12:00:00,211,0,164,30.9
2025-10-03 13:00:00,204,0,171,30.7
2025-10-03 14:00:00,212,0,160,17.6
2025-10-03 15:00:00,215,0,164,0
2025-10-03 16:00:00,199,0,154,0
2025-10-03 17:00:00,170,0,160,
2025-10-03 18:00:00,183,0,162,0
2025-10-03 19:00:00,196,0,11,0
2025-10-03 20:00:00,210,0,,0
2025-10-03 21:00:00,190,0,0,0
2025-10-03 22:00:00,160,0,0,0
2025-10-03 23:00:00,20,0,0,0
2025-10-04 00:00:00,0,0,0,0
2025-10-04 01:00:00,,0,0,0
2025-10-04 02:00:00,0,0,0,0
2025-10-04 03:00:00,0,0,0,0
2025-10-04 04:00:00,0,0,0,0
2025-10-04 05:00:00,0,0,0,0
2025-10-04 06:00:00,0,0,0,0
2025-10-04 07:00:00,0,0,0,0
2025-10-04 08:00:00,0,0,0,0
2025-10-04 09:00:00,0,0,0,0
2025-10-04 10:00:00,0,0,0,0
2025-10-04 11:00:00,0,0,0,0
2025-10-04 12:00:00,0,0,0,0
2025-10-04 13:00:00,0,0,0,0
2025-10-04 14:00:00,0,0,0,0
2025-10-04 15:00:00,0,0,0,0
2025-10-04 16:00:00,0,0,0,0
2025-10-04 17:00:00,0,0,0,0
2025-10-04 18:00:00,0,0,0,0
2025-10-04 19:00:00,0,0,0,0
2025-10-04 20:00:00,0,0,0,0
2025-10-04 21:00:00,0,0,0,0
2025-10-04 22:00:00,0,0,0,0
2025-10-04 23:00:00,0,0,0,0
2025-10-05 00:00:00,0,0,0,0
2025-10-05 01:00:00,0,0,0,0
2025-10-05 02:00:00,0,0,0,0
2025-10-05 03:00:00,0,0,0,0
2025-10-05 04:00:00,0,0,0,0
2025-10-05 05:00:00,0,0,0,0
2025-10-05 06:00:00,0,0,0,0
2025-10-05 07:00:00,0,0,0,0
2025-10-05 08:00:00,0,0,0,0
2025-10-05 09:00:00,0,0,0,0
2025-10-05 10:00:00,0,0,0,0
2025-10-05 11:00:00,0,0,0,0
2025-10-05 12:00:00,0,0,0,0
2025-10-05 13:00:00,0,0,0,0
2025-10-05 14:00:00,0,0,0,0
2025-10-05 15:00:00,0,0,0,0
2025-10-05 16:00:00,0,0,0,0
2025-10-05 17:00:00,0,0,0,0
2025-10-05 18:00:00,0,0,0,0
2025-10-05 19:00:00,0,0,0,0
2025-10-05 20:00:00,0,0,0,0
2025-10-05 21:00:00,0,0,0,0
2025-10-05 22:00:00,0,0,0,0
2025-10-05 23:00:00,0,0,0,0
2025-10-06 00:00:00,0,0,0,0
2025-10-06 01:00:00,0,0,0,0
2025-10-06 02:00:00,0,0,0,0
2025-10-06 03:00:00,0,0,0,0
2025-10-06 04:00:00,0,0,0,0
2025-10-06 05:00:00,0,0,0,0
2025-10-06 06:00:00,0,0,0,0
2025-10-06 07:00:00,0,0,0,0
2025-10-06 08:00:00,0,0,0,0
2025-10-06 09:00:00,0,0,0,0
2025-10-06 10:00:00,0,0,0,0
2025-10-06 11:00:00,0,0,0,0
2025-10-06 12:00:00,0,0,0,0
2025-10-06 13:00:00,0,0,0,0
2025-10-06 14:00:00,0,0,0,0
2025-10-06 15:00:00,0,0,0,0
2025-10-06 16:00:00,0,0,0,0
2025-10-06 17:00:00,0,0,0,0
2025-10-06 18:00:00,0,0,0,0
2025-10-06 19:00:00,0,0,0,0
2025-10-06 20:00:00,0,0,0,0
2025-10-06 21:00:00,0,0,0,0
2025-10-06 22:00:00,0,0,0,0
2025-10-06 23:00:00,0,0,0,0
2025-10-07 00:00:00,0,0,0,0
2025-10-07 01:00:00,0,0,0,0
2025-10-07 02:00:00,0,0,0,0
2025-10-07 03:00:00,0,0,0,0
2025-10-07 04:00:00,0,0,0,0
2025-10-07 05:00:00,0,0,0,0
2025-10-07 06:00:00,0,0,0,0
2025-10-07 07:00:00,0,0,0,0
2025-10-07 08:00:00,0,0,0,0
2025-10-07 09:00:00,0,0,0,0
2025-10-07 10:00:00,0,0,0,0
2025-10-07 11:00:00,0,0,0,0
2025-10-07 12:00:00,0,0,0,0
2025-10-07 13:00:00,0,0,0,0
2025-10-07 14:00:00,0,0,0,0
2025-10-07 15:00:00,0,0,0,0
2025-10-07 16:00:00,0,0,0,0
2025-10-07 17:00:00,0,0,0,0
2025-10-07 18:00:00,0,0,0,0
2025-10-07 19:00:00,0,0,0,0
2025-10-07 20:00:00,0,0,0,0
2025-10-07 21:00:00,0,0,0,0
2025-10-07 22:00:00,0,0,0,0
2025-10-07 23:00:00,0,0,0,0
2025-10-08 00:00:00,0,0,0,0
2025-10-08 01:00:00,0,0,0,0
2025-10-08 02:00:00,0,0,0,0
2025-10-08 03:00:00,0,0,0,0
2025-10-08 04:00:00,0,0,0,0
2025-10-08 05:00:00,0,0,0,0
2025-10-08 06:00:00,0,0,0,0
2025-10-08 07:00:00,0,0,0,0
2025-10-08 08:00:00,0,0,0,0
2025-10-08 09:00:00,0,0,0,0
2025-10-08 10:00:00,0,0,0,0
2025-10-08 11:00:00,0,0,0,0
2025-10-08 12:00:00,0,0,0,0
2025-10-08 13:00:00,0,0,0,0
2025-10-08 14:00:00,0,0,0,0
2025-10-08 15:00:00,0,0,0,0
2025-10-08 16:00:00,0,0,0,0
2025-10-08 17:00:00,0,0,0,0
2025-10-08 18:00:00,0,0,0,0
2025-10-08 19:00:00,0,0,0,0
2025-10-08 20:00:00,0,0,0,0
2025-10-08 21:00:00,0,0,0,0
2025-10-08 22:00:00,0,0,0,0
2025-10-08 23:00:00,0,0,0,0
2025-10-09 00:00:00,0,0,0,0
2025-10-09 01:00:00,0,0,0,0
2025-10-09 02:00:00,0,0,0,0
2025-10-09 03:00:00,0,0,0,0
2025-10-09 04:00:00,0,0,0,0
2025-10-09 05:00:00,0,0,0,0
2025-10-09 06:00:00,0,0,0,0
2025-10-09 07:00:00,0,0,0,0
2025-10-09 08:00:00,0,0,0,0
2025-10-09 09:00:00,0,0,0,0
2025-10-09 10:00:00,0,0,0,0
2025-10-09 11:00:00,0,0,0,0
2025-10-09 12:00:00,0,0,0,0
2025-10-09 13:00:00,0,0,0,0
2025-10-09 14:00:00,0,0,0,0
2025-10-09 15:00:00,0,0,0,0
2025-10-09 16:00:00,0,0,0,0
2025-10-09 17:00:00,0,0,0,0
2025-10-09 18:00:00,0,0,0,0
2025-10-09 19:00:00,0,0,0,0
2025-10-09 20:00:00,0,0,0,0
2025-10-09 21:00:00,0,0,0,0
2025-10-09 22:00:00,0,0,0,0
2025-10-09 23:00:00,0,0,0,0
2025-10-10 00:00:00,0,0,0,0
2025-10-10 01:00:00,0,0,0,0
2025-10-10 02:00:00,0,0,0,0
2025-10-10 03:00:00,0,0,0,0
2025-10-10 04:00:00,0,0,0,0
2025-10-10 05:00:00,0,0,0,0
2025-10-10 06:00:00,0,0,0,0
2025-10-10 07:00:00,0,0,0,0
2025-10-10 08:00:00,0,0,0,0
2025-10-10 09:00:00,0,0,0,0
2025-10-10 10:00:00,0,0,0,0
2025-10-10 11:00:00,0,0,0,0
2025-10-10 12:00:00,0,0,0,0
2025-10-10 13:00:00,0,0,0,0
2025-10-10 14:00:00,0,0,0,0
2025-10-10 15:00:00,0,0,0,0
2025-10-10 16:00:00,0,0,0,0
2025-10-10 17:00:00,0,0,0,0
2025-10-10 18:00:00,0,0,0,0
2025-10-10 19:00:00,0,0,0,0
2025-10-10 20:00:00,0,0,0,0
2025-10-10 21:00:00,0,0,0,0
2025-10-10 22:00:00,0,0,0,0
2025-10-10 23:00:00,0,0,0,0
2025-10-11 00:00:00,0,0,0,0
2025-10-11 01:00:00,0,0,0,0
2025-10-11 02:00:00,0,0,0,0
2025-10-11 03:00:00,0,0,0,0
2025-10-11 04:00:00,0,0,0,0
2025-10-11 05:00:00,0,0,0,0
2025-10-11 06:00:00,0,0,0,0
2025-10-11 07:00:00,0,0,0,0
2025-10-11 08:00:00,0,0,0,0
2025-10-11 09:00:00,0,0,0,0
2025-10-11 10:00:00,0,0,0,0
2025-10-11 11:00:00,0,0,0,0
2025-10-11 12:00:00,0,0,0,0
2025-10-11 13:00:00,0,0,0,0
2025-10-11 14:00:00,0,0,0,0
2025-10-11 15:00:00,0,0,0,0
2025-10-11 16:00:00,0,0,0,0
2025-10-11 17:00:00,0,0,0,0
2025-10-11 18:00:00,0,0,0,0
2025-10-11 19:00:00,0,0,0,0
2025-10-11 20:00:00,0,0,0,0
2025-10-11 21:00:00,0,0,0,0
2025-10-11 22:00:00,0,0,0,0
2025-10-11 23:00:00,0,0,0,0
2025-10-12 00:00:00,0,0,0,0
2025-10-12 01:00:00,0,0,0,0
2025-10-12 02:00:00,0,0,0,0
2025-10-12 03:00:00,0,0,0,0
2025-10-12 04:00:00,0,0,0,0
2025-10-12 05:00:00,0,0,0,0
2025-10-12 06:00:00,0,0,0,0
2025-10-12 07:00:00,0,0,0,0
2025-10-12 08:00:00,0,0,0,0
2025-10-12 09:00:00,0,0,0,0
2025-10-12 10:00:00,0,0,0,0
2025-10-12 11:00:00,0,0,0,0
2025-10-12 12:00:00,0,0,0,0
2025-10-12 13:00:00,0,0,0,0
2025-10-12 14:00:00,0,0,0,0
2025-10-12 15:00:00,0,0,0,0
2025-10-12 16:00:00,0,0,0,0
2025-10-12 17:00:00,0,0,0,0
2025-10-12 18:00:00,0,0,0,0
2025-10-12 19:00:00,0,0,0,0
2025-10-12 20:00:00,0,0,0,0
2025-10-12 21:00:00,0,0,0,0
2025-10-12 22:00:00,0,0,0,0
2025-10-12 23:00:00,0,0,0,0
2025-10-13 00:00:00,0,0,0,0
2025-10-13 01:00:00,0,0,0,0
2025-10-13 02:00:00,0,0,0,0
2025-10-13 03:00:00,0,0,0,0
2025-10-13 04:00:00,0,0,0,0
2025-10-13 05:00:00,0,0,0,0
2025-10-13 06:00:00,0,0,0,0
2025-10-13 07:00:00,0,0,0,0
2025-10-13 08:00:00,0,0,0,0
2025-10-13 09:00:00,0,0,0,0
2025-10-13 10:00:00,0,0,0,0
2025-10-13 11:00:00,0,0,0,0
2025-10-13 12:00:00,0,0,0,0
2025-10-13 13:00:00,0,0,0,0
2025-10-13 14:00:00,0,0,0,0
2025-10-13 15:00:00,0,0,0,0
2025-10-13 16:00:00,0,0,0,0
2025-10-13 17:00:00,0,0,0,0
2025-10-13 18:00:00,0,0,0,0
2025-10-13 19:00:00,0,0,0,0
2025-10-13 20:00:00,0,0,0,0
2025-10-13 21:00:00,0,0,0,0
2025-10-13 22:00:00,0,0,0,0
2025-10-13 23:00:00,0,0,0,0
2025-10-14 00:00:00,0,0,0,0
2025-10-14 01:00:00,0,0,0,0
2025-10-14 02:00:00,0,0,0,0
2025-10-14 03:00:00,0,0,0,0
2025-10-14 04:00:00,0,0,0,0
2025-10-14 05:00:00,0,0,0,0
2025-10-14 06:00:00,0,0,0,0
2025-10-14 07:00:00,0,0,15.2,0
2025-10-14 08:00:00,0,0,72.2,0
2025-10-14 09:00:00,53.6,0,110,0
2025-10-14 10:00:00,83.9,0,14.4,0
2025-10-14 11:00:00,145,0,19.7,0
2025-10-14 12:00:00,63.6,0,13.3,0
2025-10-14 13:00:00,140,0,62.0,0
2025-10-14 14:00:00,171,0,37.3,0
2025-10-14 15:00:00,164,0,66.5,0
2025-10-14 16:00:00,170,0,97.3,0
2025-10-14 17:00:00,174,0,121,0
2025-10-14 18:00:00,153,0,117,34.9
2025-10-14 19:00:00,145,0,126,36.8
2025-10-14 20:00:00,170,0,118,29.9
2025-10-14 21:00:00,151,0,68.0,29.9
2025-10-14 22:00:00,150,0,106,5.80
2025-10-14 23:00:00,170,0,93,27.0
2025-10-15 00:00:00,171,0,84,34.3
2025-10-15 01:00:00,170,0,105,30.0
2025-10-15 02:00:00,171,0,128,30.0
2025-10-15 03:00:00,170,0,101,30.0
2025-10-15 04:00:00,162,0,116,30.1
2025-10-15 05:00:00,171,0,118,30.4
2025-10-15 06:00:00,159,0,109,30.2
2025-10-15 07:00:00,171,0,86.0,30.3
2025-10-15 08:00:00,159,0,66,30.3
2025-10-15 09:00:00,85,0,42,30.3
2025-10-15 10:00:00,81,0,7,30.3
2025-10-15 11:00:00,170,0,83,30.3
2025-10-15 12:00:00,167,0,82,30.4
2025-10-15 13:00:00,169,0,116,30.4
2025-10-15 14:00:00,153,0,115,15.3
2025-10-15 15:00:00,161,0,129,2.70
2025-10-15 16:00:00,165,0,116,42.9
2025-10-15 17:00:00,159,0,127,30.6
2025-10-15 18:00:00,171,0,124,30.2
2025-10-15 19:00:00,171,0,125,30.0
2025-10-15 20:00:00,170,0,125,30.3
2025-10-15 21:00:00,160,0,128,30.5
2025-10-15 22:00:00,168,0,104,30.4
2025-10-15 23:00:00,171,0,125,30.3
2025-10-16 00:00:00,159,0,120,30.4
2025-10-16 01:00:00,171,0,105,30.1
2025-10-16 02:00:00,171,0,120,9.30
2025-10-16 03:00:00,170,0,107,0
2025-10-16 04:00:00,170,0,52,40.0
2025-10-16 05:00:00,149,0,,30.5
2025-10-16 06:00:00,163,0,0,30
2025-10-16 07:00:00,171,0,17.1,31
2025-10-16 08:00:00,163,0,164,31
2025-10-16 09:00:00,72,0,129,20
2025-10-16 10:00:00,20,0,87.0,9
2025-10-16 11:00:00,78,0,94.5,42
2025-10-16 12:00:00,170,0,146,31
2025-10-16 13:00:00,164,0,135,29
2025-10-16 14:00:00,170,0,172,0
2025-10-16 15:00:00,171,0,142,0
2025-10-16 16:00:00,169,0,151,4
2025-10-16 17:00:00,170,0,190,41
2025-10-16 18:00:00,169,0,132,30
2025-10-16 19:00:00,169,0,173,31
2025-10-16 20:00:00,162,0,160,31
2025-10-16 21:00:00,150,0,135,31
2025-10-16 22:00:00,165,0,157,31
2025-10-16 23:00:00,161,0,112,30
2025-10-17 00:00:00,158,0,185,21
2025-10-17 01:00:00,170,0,175,0
2025-10-17 02:00:00,167,0,145,37
2025-10-17 03:00:00,170,0,182,31
2025-10-17 04:00:00,160,0,155,30
2025-10-17 05:00:00,170,0,168,11
2025-10-17 06:00:00,150,0,146,0
2025-10-17 07:00:00,170,0,135,26
2025-10-17 08:00:00,170,0,179,32
2025-10-17 09:00:00,170,0,160,16
2025-10-17 10:00:00,170,0,89,0
2025-10-17 11:00:00,130,0,63,20
2025-10-17 12:00:00,160,0,109,32
2025-10-17 13:00:00,170,0,34,31
2025-10-17 14:00:00,160,0,127,31
2025-10-17 15:00:00,0,0,186,31
2025-10-17 16:00:00,0,0,160,30
2025-10-17 17:00:00,10,0,117,31
2025-10-17 18:00:00,170,0,149,31
2025-10-17 19:00:00,160,0,86,31
2025-10-17 20:00:00,170,0,76,34
2025-10-17 21:00:00,140,0,23,39
2025-10-17 22:00:00,0,0,147,31
2025-10-17 23:00:00,0,0,136,29.0
2025-10-18 00:00:00,,0,164,28
2025-10-18 01:00:00,0,0,2,11
2025-10-18 02:00:00,0,0,,
2025-10-18 03:00:00,0,0,0,0
2025-10-18 04:00:00,0,0,0,0
2025-10-18 05:00:00,0,0,0,0
2025-10-18 06:00:00,0,0,0,0
2025-10-18 07:00:00,0,0,0,0
2025-10-18 08:00:00,0,0,0,0
2025-10-18 09:00:00,0,0,0,0
2025-10-18 10:00:00,0,0,0,0
2025-10-18 11:00:00,0,0,0,0
2025-10-18 12:00:00,0,0,0,0
2025-10-18 13:00:00,0,0,0,0
2025-10-18 14:00:00,0,0,0,0
2025-10-18 15:00:00,0,0,0,0
2025-10-18 16:00:00,0,0,0,0
2025-10-18 17:00:00,0,0,0,0
2025-10-18 18:00:00,0,0,0,0
2025-10-18 19:00:00,0,0,0,0
2025-10-18 20:00:00,0,0,0,0
2025-10-18 21:00:00,0,0,0,0
2025-10-18 22:00:00,0,0,0,0
2025-10-18 23:00:00,0,0,0,0
2025-10-19 00:00:00,0,0,0,0
2025-10-19 01:00:00,0,0,0,0
2025-10-19 02:00:00,0,0,0,0
2025-10-19 03:00:00,0,0,0,0
2025-10-19 04:00:00,0,0,0,0
2025-10-19 05:00:00,0,0,0,0
2025-10-19 06:00:00,0,0,0,0
2025-10-19 07:00:00,0,0,0,0
2025-10-19 08:00:00,0,0,0,0
2025-10-19 09:00:00,0,0,0,0
2025-10-19 10:00:00,0,0,0,0
2025-10-19 11:00:00,0,0,0,0
2025-10-19 12:00:00,0,0,0,0
2025-10-19 13:00:00,0,0,0,0
2025-10-19 14:00:00,0,0,0,0
2025-10-19 15:00:00,0,0,0,0
2025-10-19 16:00:00,0,0,0,0
2025-10-19 17:00:00,0,0,0,0
2025-10-19 18:00:00,0,0,0,0
2025-10-19 19:00:00,0,0,0,0
2025-10-19 20:00:00,0,0,0,0
2025-10-19 21:00:00,0,0,0,0
2025-10-19 22:00:00,0,0,0,0
2025-10-19 23:00:00,0,0,0,0
2025-10-20 00:00:00,0,0,0,0
2025-10-20 01:00:00,0,0,0,0
2025-10-20 02:00:00,0,0,0,0
2025-10-20 03:00:00,0,0,0,0
2025-10-20 04:00:00,0,0,0,0
2025-10-20 05:00:00,0,0,0,0
2025-10-20 06:00:00,0,0,0,0
2025-10-20 07:00:00,0,0,0,0
2025-10-20 08:00:00,41.1,0,48.4,0
2025-10-20 09:00:00,21.7,0,126,0
2025-10-20 10:00:00,94.9,0,76.2,0
2025-10-20 11:00:00,158,38.7,25.3,0
2025-10-20 12:00:00,0,19.7,33.0,0
2025-10-20 13:00:00,36.5,12.3,22.4,0
2025-10-20 14:00:00,151,124,78.5,0
2025-10-20 15:00:00,164,29.7,83.1,0
2025-10-20 16:00:00,170,119,83.2,0
2025-10-20 17:00:00,175,98.8,81.8,0
2025-10-20 18:00:00,161,94.0,117,0
2025-10-20 19:00:00,171,95.8,107,0
2025-10-20 20:00:00,165,107,98.6,0
2025-10-20 21:00:00,160,95.8,103,0
2025-10-20 22:00:00,163,5.80,36,0
2025-10-20 23:00:00,170,59.1,85,0
2025-10-21 00:00:00,165,114,76,0
2025-10-21 01:00:00,131,99.0,68,0
2025-10-21 02:00:00,0,97,76,0
2025-10-21 03:00:00,,100,91,0
2025-10-21 04:00:00,12.6,61,106,0
2025-10-21 05:00:00,84.6,118,114,0
2025-10-21 06:00:00,95.8,47,112,0
2025-10-21 07:00:00,121,43,98,0
2025-10-21 08:00:00,30.2,16,84,0
2025-10-21 09:00:00,32.3,0,120,0
2025-10-21 10:00:00,0,0,76,0
2025-10-21 11:00:00,86.4,59,0,0
2025-10-21 12:00:00,97.7,0,109,0
2025-10-21 13:00:00,99.8,,115,0
2025-10-21 14:00:00,123,0,125,0
2025-10-21 15:00:00,144,0,105,0
2025-10-21 16:00:00,104,0,92,0
2025-10-21 17:00:00,110,0,99,0
2025-10-21 18:00:00,66,0,117,0
2025-10-21 19:00:00,123,96.4,134,0
2025-10-21 20:00:00,5,98.8,120,0
2025-10-21 21:00:00,96,99.9,106,0
2025-10-21 22:00:00,140,78.3,80,0
2025-10-21 23:00:00,133,124,82,0
2025-10-22 00:00:00,140,90.3,112,0
2025-10-22 01:00:00,147,130,99,0
2025-10-22 02:00:00,108,105,100,0
2025-10-22 03:00:00,131,96.9,68,0
2025-10-22 04:00:00,109,94.6,114,0
2025-10-22 05:00:00,76,91.0,102,0
2025-10-22 06:00:00,77,44,80,0
2025-10-22 07:00:00,128,84,41,0
2025-10-22 08:00:00,139,34,1,0
2025-10-22 09:00:00,143,1,80,0
2025-10-22 10:00:00,85,83,124,0
2025-10-22 11:00:00,142,65,113,0
2025-10-22 12:00:00,61,70,133,0
2025-10-22 13:00:00,,73,123,0
2025-10-22 14:00:00,0,79,117,0
2025-10-22 15:00:00,20.6,93,124,0
2025-10-22 16:00:00,68.5,98,111,0
2025-10-22 17:00:00,75.0,95,101,0
2025-10-22 18:00:00,69.6,76,110,0
2025-10-22 19:00:00,65.5,104,119,0
2025-10-22 20:00:00,47.3,63,123,0
2025-10-22 21:00:00,74.9,57,108,0
2025-10-22 22:00:00,15.5,,102,0
2025-10-22 23:00:00,0,0,88,0
2025-10-23 00:00:00,,0,119,0
2025-10-23 01:00:00,0,50.4,110,0
2025-10-23 02:00:00,93.6,0.600,129,0
2025-10-23 03:00:00,182,80.8,126,0
2025-10-23 04:00:00,161,42.4,111,0
2025-10-23 05:00:00,213,41.3,118,0
2025-10-23 06:00:00,180,6.00,118,0
2025-10-23 07:00:00,207,0,97,0
2025-10-23 08:00:00,205,77.9,112,0
2025-10-23 09:00:00,189,36.9,108,0
2025-10-23 10:00:00,200,69.5,69,0
2025-10-23 11:00:00,171,10.4,38,0
2025-10-23 12:00:00,154,69.0,95,0
2025-10-23 13:00:00,214,17.3,106,0
2025-10-23 14:00:00,157,0,118,0
2025-10-23 15:00:00,207,62.7,127,0
2025-10-23 16:00:00,213,72.3,129,0
2025-10-23 17:00:00,211,55.4,122,0
2025-10-23 18:00:00,208,70.4,89,0
2025-10-23 19:00:00,208,77.6,98,0
2025-10-23 20:00:00,218,33.1,135,0
2025-10-23 21:00:00,171,42.2,79,0
2025-10-23 22:00:00,193,70.4,121,0
2025-10-23 23:00:00,161,17.5,124,0
2025-10-24 00:00:00,85,4,130,0
2025-10-24 01:00:00,219,54.0,112,0
2025-10-24 02:00:00,222,79,117,0
2025-10-24 03:00:00,151,49,116,0
2025-10-24 04:00:00,180,83,61,0
2025-10-24 05:00:00,96,17,0,0
2025-10-24 06:00:00,213,59,0,0
2025-10-24 07:00:00,107,2,,0
2025-10-24 08:00:00,,71,0,0
2025-10-24 09:00:00,0,57,0,0
2025-10-24 10:00:00,0,38,0,0
2025-10-24 11:00:00,0,82,0,0
2025-10-24 12:00:00,0,17,0,0
2025-10-24 13:00:00,0,10,0,0
2025-10-24 14:00:00,0,0,0,0
2025-10-24 15:00:00,0,0,0,0
2025-10-24 16:00:00,0,,0,0
2025-10-24 17:00:00,0,0,0,0
2025-10-24 18:00:00,0,0,0,0
2025-10-24 19:00:00,0,0,0,3.02
2025-10-24 20:00:00,0,0,0,39.5
2025-10-24 21:00:00,0,0,0,36.9
2025-10-24 22:00:00,0,0,0,
2025-10-24 23:00:00,0,0,0,0
2025-10-25 00:00:00,0,0,0,0
2025-10-25 01:00:00,0,0,0,0
2025-10-25 02:00:00,0,0,0,0
2025-10-25 03:00:00,0,0,0,0
2025-10-25 04:00:00,0,0,0,0
2025-10-25 05:00:00,0,0,0,0
2025-10-25 06:00:00,0,0,0,0
2025-10-25 07:00:00,0,0,0,0
2025-10-25 08:00:00,0,0,0,0
2025-10-25 09:00:00,0,0,0,0
2025-10-25 10:00:00,0,0,0,0
2025-10-25 11:00:00,0,0,0,0
2025-10-25 12:00:00,0,0,0,0
2025-10-25 13:00:00,0,0,0,0
2025-10-25 14:00:00,0,0,0,0
2025-10-25 15:00:00,0,0,0,0
2025-10-25 16:00:00,0,0,0,0
2025-10-25 17:00:00,0,0,0,0
2025-10-25 18:00:00,0,0,0,0
2025-10-25 19:00:00,0,0,0,0
2025-10-25 20:00:00,0,0,0,0
2025-10-25 21:00:00,0,0,0,0
2025-10-25 22:00:00,0,0,0,0
2025-10-25 23:00:00,0,0,0,0
2025-10-26 00:00:00,0,0,0,0
2025-10-26 01:00:00,0,0,0,0
2025-10-26 02:00:00,0,0,0,0
2025-10-26 02:00:00,0,0,0,0
2025-10-26 03:00:00,0,0,0,0
2025-10-26 04:00:00,0,0,0,0
2025-10-26 05:00:00,0,0,0,0
2025-10-26 06:00:00,0,0,0,0
2025-10-26 07:00:00,0,0,0,0
2025-10-26 08:00:00,0,0,0,0
2025-10-26 09:00:00,0,0,0,0
2025-10-26 10:00:00,0,0,0,0
2025-10-26 11:00:00,0,0,0,0
2025-10-26 12:00:00,0,0,0,0
2025-10-26 13:00:00,0,0,0,0
2025-10-26 14:00:00,0,0,0,0
2025-10-26 15:00:00,0,0,0,0
2025-10-26 16:00:00,0,0,0,0
2025-10-26 17:00:00,0,0,0,0
2025-10-26 18:00:00,0,0,0,0
2025-10-26 19:00:00,0,0,0,0
2025-10-26 20:00:00,0,0,0,0
2025-10-26 21:00:00,0,0,0,0
2025-10-26 22:00:00,0,0,0,0
2025-10-26 23:00:00,0,0,0,0
2025-10-27 00:00:00,0,0,0,0
2025-10-27 01:00:00,0,0,0,0
2025-10-27 02:00:00,0,0,0,0
2025-10-27 03:00:00,0,0,0,0
2025-10-27 04:00:00,0,0,0,0
2025-10-27 05:00:00,0,0,0,0
2025-10-27 06:00:00,0,0,0,0
2025-10-27 07:00:00,0,0,0,0
2025-10-27 08:00:00,0,0,0,0
2025-10-27 09:00:00,0,0,0,0
2025-10-27 10:00:00,0,0,0,0
2025-10-27 11:00:00,0,0,0,0
2025-10-27 12:00:00,0,0,0,0
2025-10-27 13:00:00,0,0,0,0
2025-10-27 14:00:00,0,0,0,0
2025-10-27 15:00:00,0,0,0,0
2025-10-27 16:00:00,0,0,0,0
2025-10-27 17:00:00,0,0,0,0
2025-10-27 18:00:00,0,0,0,0
2025-10-27 19:00:00,0,0,0,0
2025-10-27 20:00:00,0,0,0,0
2025-10-27 21:00:00,0,0,0,0
2025-10-27 22:00:00,0,0,0,0
2025-10-27 23:00:00,0,0,0,0
2025-10-28 00:00:00,0,0,0,0
2025-10-28 01:00:00,0,0,0,0
2025-10-28 02:00:00,0,0,0,0
2025-10-28 03:00:00,0,0,0,0
2025-10-28 04:00:00,0,0,0,0
2025-10-28 05:00:00,0,0,0,0
2025-10-28 06:00:00,0,0,0,0
2025-10-28 07:00:00,0,0,0,0
2025-10-28 08:00:00,0,0,0,0
2025-10-28 09:00:00,0,0,0,0
2025-10-28 10:00:00,0,0,0,0
2025-10-28 11:00:00,0,0,0,0
2025-10-28 12:00:00,0,0,0,0
2025-10-28 13:00:00,0,0,0,0
2025-10-28 14:00:00,0,0,0,0
2025-10-28 15:00:00,0,0,0,0
2025-10-28 16:00:00,0,0,0,0
2025-10-28 17:00:00,0,0,0,0
2025-10-28 18:00:00,0,0,0,0
2025-10-28 19:00:00,0,0,0,0
2025-10-28 20:00:00,0,0,0,0
2025-10-28 21:00:00,0,0,0,0
2025-10-28 22:00:00,0,0,0,0
2025-10-28 23:00:00,0,0,0,0
2025-10-29 00:00:00,0,0,0,0
2025-10-29 01:00:00,0,0,0,0
2025-10-29 02:00:00,0,0,0,0
2025-10-29 03:00:00,0,0,0,0
2025-10-29 04:00:00,0,0,0,0
2025-10-29 05:00:00,0,0,0,0
2025-10-29 06:00:00,0,0,0,0
2025-10-29 07:00:00,0,0,0,0
2025-10-29 08:00:00,0,0,0,0
2025-10-29 09:00:00,0,0,0,0
2025-10-29 10:00:00,0,0,0,0
2025-10-29 11:00:00,0,0,0,0
2025-10-29 12:00:00,0,0,0,0
2025-10-29 13:00:00,0,0,0,0
2025-10-29 14:00:00,0,0,0,0
2025-10-29 15:00:00,0,0,0,0
2025-10-29 16:00:00,0,0,0,0
2025-10-29 17:00:00,0,0,0,0
2025-10-29 18:00:00,0,0,0,0
2025-10-29 19:00:00,0,0,0,0
2025-10-29 20:00:00,0,0,0,0
2025-10-29 21:00:00,0,0,0,0
2025-10-29 22:00:00,0,0,0,0
2025-10-29 23:00:00,0,0,0,0
2025-10-30 00:00:00,0,0,0,0
2025-10-30 01:00:00,0,0,0,0
2025-10-30 02:00:00,0,0,0,0
2025-10-30 03:00:00,0,0,0,0
2025-10-30 04:00:00,0,0,0,0
2025-10-30 05:00:00,0,0,0,0
2025-10-30 06:00:00,0,0,0,0
2025-10-30 07:00:00,0,0,0,0
2025-10-30 08:00:00,0,0,0,0
2025-10-30 09:00:00,0,0,0,0
2025-10-30 10:00:00,0,0,0,0
2025-10-30 11:00:00,0,0,0,0
2025-10-30 12:00:00,0,0,0,0
2025-10-30 13:00:00,0,0,0,0
2025-10-30 14:00:00,0,0,0,0
2025-10-30 15:00:00,0,0,0,0
2025-10-30 16:00:00,0,0,0,0
2025-10-30 17:00:00,0,0,0,0
2025-10-30 18:00:00,0,0,0,0
2025-10-30 19:00:00,0,0,0,0
2025-10-30 20:00:00,0,0,0,0
2025-10-30 21:00:00,0,0,0,0
2025-10-30 22:00:00,0,0,0,0
2025-10-30 23:00:00,0,0,0,0
2025-10-31 00:00:00,0,0,0,0
2025-10-31 01:00:00,0,0,0,0
2025-10-31 02:00:00,0,0,0,0
2025-10-31 03:00:00,0,0,0,0
2025-10-31 04:00:00,0,0,0,0
2025-10-31 05:00:00,0,0,0,0
2025-10-31 06:00:00,0,0,0,0
2025-10-31 07:00:00,0,0,0,0
2025-10-31 08:00:00,0,0,0,0
2025-10-31 09:00:00,0,0,0,0
2025-10-31 10:00:00,0,0,0,0
2025-10-31 11:00:00,0,0,0,0
2025-10-31 12:00:00,0,0,0,0
2025-10-31 13:00:00,0,0,0,0
2025-10-31 14:00:00,0,0,0,0
2025-10-31 15:00:00,0,0,0,0
2025-10-31 16:00:00,0,0,0,0
2025-10-31 17:00:00,0,0,0,0
2025-10-31 18:00:00,0,0,0,0
2025-10-31 19:00:00,0,0,0,0
2025-10-31 20:00:00,0,0,0,0
2025-10-31 21:00:00,0,0,0,0
2025-10-31 22:00:00,0,0,0,0
2025-10-31 23:00:00,0,0,0,0
2025-11-01 00:00:00,0,0,0,0
2025-11-01 01:00:00,0,0,0,0
2025-11-01 02:00:00,0,0,0,0
2025-11-01 03:00:00,0,0,0,0
2025-11-01 04:00:00,0,0,0,0
2025-11-01 05:00:00,0,0,0,0
2025-11-01 06:00:00,0,0,0,0
2025-11-01 07:00:00,0,0,0,0
2025-11-01 08:00:00,0,0,0,0
2025-11-01 09:00:00,0,0,0,0
2025-11-01 10:00:00,0,0,0,0
2025-11-01 11:00:00,0,0,0,0
2025-11-01 12:00:00,0,0,0,0
2025-11-01 13:00:00,0,0,0,0
2025-11-01 14:00:00,0,0,0,0
2025-11-01 15:00:00,0,0,0,0
2025-11-01 16:00:00,0,0,0,0
2025-11-01 17:00:00,0,0,0,0
2025-11-01 18:00:00,0,0,0,0
2025-11-01 19:00:00,0,0,0,0
2025-11-01 20:00:00,0,0,0,0
2025-11-01 21:00:00,0,0,0,0
2025-11-01 22:00:00,0,0,0,0
2025-11-01 23:00:00,0,0,0,0
2025-11-02 00:00:00,0,0,0,0
2025-11-02 01:00:00,0,0,0,0
2025-11-02 02:00:00,0,0,0,0
2025-11-02 03:00:00,0,0,0,0
2025-11-02 04:00:00,0,0,0,0
2025-11-02 05:00:00,0,0,0,0
2025-11-02 06:00:00,0,0,0,0
2025-11-02 07:00:00,0,0,0,0
2025-11-02 08:00:00,0,0,0,0
2025-11-02 09:00:00,0,0,0,0
2025-11-02 10:00:00,0,0,0,0
2025-11-02 11:00:00,0,0,0,0
2025-11-02 12:00:00,0,0,0,0
2025-11-02 13:00:00,0,0,0,0
2025-11-02 14:00:00,0,0,0,0
2025-11-02 15:00:00,0,0,0,0
2025-11-02 16:00:00,0,0,0,0
2025-11-02 17:00:00,0,0,0,0
2025-11-02 18:00:00,0,0,0,0
2025-11-02 19:00:00,0,0,0,0
2025-11-02 20:00:00,0,0,0,0
2025-11-02 21:00:00,0,0,0,0
2025-11-02 22:00:00,0,0,0,0
2025-11-02 23:00:00,0,0,0,0
2025-11-03 00:00:00,0,0,0,0
2025-11-03 01:00:00,0,0,0,0
2025-11-03 02:00:00,0,0,0,0
2025-11-03 03:00:00,0,0,0,0
2025-11-03 04:00:00,0,0,0,0
2025-11-03 05:00:00,0,0,0,0
2025-11-03 06:00:00,0,0,0,0
2025-11-03 07:00:00,0,0,0,0
2025-11-03 08:00:00,0,0,0,0
2025-11-03 09:00:00,0,0,0,0
2025-11-03 10:00:00,0,0,0,0
2025-11-03 11:00:00,0,0,0,0
2025-11-03 12:00:00,0,0,0,0
2025-11-03 13:00:00,0,0,0,0
2025-11-03 14:00:00,0,0,0,0
2025-11-03 15:00:00,0,0,0,0
2025-11-03 16:00:00,0,0,0,6.51
2025-11-03 17:00:00,0,0,0,48.2
2025-11-03 18:00:00,0,0,0,38.2
2025-11-03 19:00:00,0,0,0,1.66
2025-11-03 20:00:00,0,0,0,0
2025-11-03 21:00:00,0,0,17.7,0
2025-11-03 22:00:00,0,0,34.0,0
2025-11-03 23:00:00,0,0,29.2,9.66
2025-11-04 00:00:00,0,0,74.8,9.60
2025-11-04 01:00:00,0,0,87.9,13.6
2025-11-04 02:00:00,0,0,101,47.2
2025-11-04 03:00:00,0,0,107,38.1
2025-11-04 04:00:00,46.9,0,105,30.3
2025-11-04 05:00:00,186,0,82.8,32.2
2025-11-04 06:00:00,147,0,61.0,31.3
2025-11-04 07:00:00,139,0,90.6,29.9
2025-11-04 08:00:00,145,0,70.4,30.2
2025-11-04 09:00:00,191,0,107,33.0
2025-11-04 10:00:00,178,0,94.8,45.7
2025-11-04 11:00:00,201,0,124,35.0
2025-11-04 12:00:00,222,0,80,31.5
2025-11-04 13:00:00,191,0,90,43.6
2025-11-04 14:00:00,85,0,107,28.6
2025-11-04 15:00:00,2,0,109,0
2025-11-04 16:00:00,185,0,130,24.6
2025-11-04 17:00:00,208,0,124,44.2
2025-11-04 18:00:00,185,0,123,32.4
2025-11-04 19:00:00,153,0,86,42.0
2025-11-04 20:00:00,209,0,75.0,40.0
2025-11-04 21:00:00,27,0,83,34.0
2025-11-04 22:00:00,192,0,111,30.3
2025-11-04 23:00:00,5,0,120,30.3
2025-11-05 00:00:00,,0,104,30.4
2025-11-05 01:00:00,0,0,118,37.6
2025-11-05 02:00:00,80.2,0,112,42.6
2025-11-05 03:00:00,151,0,126,33.7
2025-11-05 04:00:00,157,0,96,41.0
2025-11-05 05:00:00,162,0,120,39
2025-11-05 06:00:00,161,0,62,31
2025-11-05 07:00:00,94.0,0,119,31
2025-11-05 08:00:00,69.0,0,127,30
2025-11-05 09:00:00,0,0,123,39
2025-11-05 10:00:00,78.4,0,57,43
2025-11-05 11:00:00,169,0,47,34
2025-11-05 12:00:00,163,0,90,42
2025-11-05 13:00:00,165,0,97,38
2025-11-05 14:00:00,171,0,110,31
2025-11-05 15:00:00,158,0,86,17
2025-11-05 16:00:00,170,0,121,0
2025-11-05 17:00:00,170,0,125,14
2025-11-05 18:00:00,171,0,53,47
2025-11-05 19:00:00,170,0,119,35
2025-11-05 20:00:00,162,0,94,30
2025-11-05 21:00:00,170,0,121,22
2025-11-05 22:00:00,157,0,116,
2025-11-05 23:00:00,164,0,122,0
2025-11-06 00:00:00,172,0,96,0
2025-11-06 01:00:00,170,0,110,0
2025-11-06 02:00:00,170,0,105,3.02
2025-11-06 03:00:00,167,0,138,23.2
2025-11-06 04:00:00,155,0,105,46.6
2025-11-06 05:00:00,165,0,105,36.3
2025-11-06 06:00:00,165,0,105,30.3
2025-11-06 07:00:00,172,0,94,39.0
2025-11-06 08:00:00,170,0,107,39.1
2025-11-06 09:00:00,101,0,98,33.2
2025-11-06 10:00:00,77,0,99,41.0
2025-11-06 11:00:00,170,0,94,37.5
2025-11-06 12:00:00,170,0,41,34.4
2025-11-06 13:00:00,165,0,111,28.9
2025-11-06 14:00:00,171,0,82,0
2025-11-06 15:00:00,155,0,8,0
2025-11-06 16:00:00,170,0,,
2025-11-06 17:00:00,170,0,0,0
2025-11-06 18:00:00,170,0,49.1,0
2025-11-06 19:00:00,151,0,103,0
2025-11-06 20:00:00,165,0,36.2,0
2025-11-06 21:00:00,170,0,91.1,0
2025-11-06 22:00:00,164,0,71.9,0
2025-11-06 23:00:00,170,0,94.7,0
2025-11-07 00:00:00,161,0,89.3,0
2025-11-07 01:00:00,170,0,107,0
2025-11-07 02:00:00,170,0,93.4,0
2025-11-07 03:00:00,170,0,67.6,0
2025-11-07 04:00:00,170,0,99.3,0
2025-11-07 05:00:00,147,0,102,0
2025-11-07 06:00:00,163,0,65.0,0
2025-11-07 07:00:00,102,0,47,0
2025-11-07 08:00:00,163,0,65,0
2025-11-07 09:00:00,170,0,114,0
2025-11-07 10:00:00,161,0,79,0
2025-11-07 11:00:00,169,0,70,0
2025-11-07 12:00:00,170,0,0,0
2025-11-07 13:00:00,162,0,86,0
2025-11-07 14:00:00,169,0,101,0
2025-11-07 15:00:00,170,0,91,0
2025-11-07 16:00:00,163,0,21,0
2025-11-07 17:00:00,154,0,109,0
2025-11-07 18:00:00,157,0,93,0
2025-11-07 19:00:00,50,0,112,0
2025-11-07 20:00:00,0,0,122,0
2025-11-07 21:00:00,,0,102,0
2025-11-07 22:00:00,0,0,122,0
2025-11-07 23:00:00,0,0,109,0
2025-11-08 00:00:00,0,0,100,0
2025-11-08 01:00:00,0,0,5,0
2025-11-08 02:00:00,0,0,,0
2025-11-08 03:00:00,0,0,0,0
2025-11-08 04:00:00,0,0,0,0
2025-11-08 05:00:00,0,0,0,0
2025-11-08 06:00:00,0,0,0,0
2025-11-08 07:00:00,0,0,0,0
2025-11-08 08:00:00,0,0,0,0
2025-11-08 09:00:00,0,0,0,0
2025-11-08 10:00:00,0,0,0,0
2025-11-08 11:00:00,0,0,0,0
2025-11-08 12:00:00,0,0,0,0
2025-11-08 13:00:00,0,0,0,0
2025-11-08 14:00:00,0,0,0,0
2025-11-08 15:00:00,0,0,0,0
2025-11-08 16:00:00,0,0,0,0
2025-11-08 17:00:00,0,0,0,0
2025-11-08 18:00:00,0,0,0,0
2025-11-08 19:00:00,0,0,0,0
2025-11-08 20:00:00,0,0,0,0
2025-11-08 21:00:00,0,0,0,0
2025-11-08 22:00:00,0,0,0,0
2025-11-08 23:00:00,0,0,0,0
2025-11-09 00:00:00,0,0,0,0
2025-11-09 01:00:00,0,0,0,0
2025-11-09 02:00:00,0,0,0,0
2025-11-09 03:00:00,0,0,0,0
2025-11-09 04:00:00,0,0,0,0
2025-11-09 05:00:00,0,0,0,0
2025-11-09 06:00:00,0,0,0,0
2025-11-09 07:00:00,0,0,0,0
2025-11-09 08:00:00,0,0,0,0
2025-11-09 09:00:00,0,0,0,0
2025-11-09 10:00:00,0,0,0,0
2025-11-09 11:00:00,0,0,0,0
2025-11-09 12:00:00,0,0,0,0
2025-11-09 13:00:00,0,0,0,0
2025-11-09 14:00:00,0,0,0,0
2025-11-09 15:00:00,0,0,0,0
2025-11-09 16:00:00,0,0,0,0
2025-11-09 17:00:00,0,0,0,0
2025-11-09 18:00:00,0,0,0,0
2025-11-09 19:00:00,0,0,0,0
2025-11-09 20:00:00,0,0,0,0
2025-11-09 21:00:00,0,0,0,0
2025-11-09 22:00:00,0,0,0,0
2025-11-09 23:00:00,0,0,0,0
2025-11-10 00:00:00,0,0,0,0
2025-11-10 01:00:00,0,0,0,0
2025-11-10 02:00:00,0,0,0,0
2025-11-10 03:00:00,0,0,0,0
2025-11-10 04:00:00,0,0,0,0
2025-11-10 05:00:00,0,0,0,0
2025-11-10 06:00:00,0,0,0,0
2025-11-10 07:00:00,35.0,0,10.1,0
2025-11-10 08:00:00,133,0,34.2,0
2025-11-10 09:00:00,121,49.1,127,0
2025-11-10 10:00:00,48.7,85.0,85.3,0
2025-11-10 11:00:00,84.9,83.5,4.70,0
2025-11-10 12:00:00,107,76.6,8.40,0
2025-11-10 13:00:00,112,86.2,30.0,0
2025-11-10 14:00:00,98.8,95.9,108,0
2025-11-10 15:00:00,80.8,82.2,114,0
2025-11-10 16:00:00,63.8,92.5,100,0
2025-11-10 17:00:00,111,59.5,108,0
2025-11-10 18:00:00,125,102,115,0
2025-11-10 19:00:00,73,111,106,0
2025-11-10 20:00:00,131,,119,0
2025-11-10 21:00:00,79,0,126,0
2025-11-10 22:00:00,117,0,95,0
2025-11-10 23:00:00,129,0,92,0
2025-11-11 00:00:00,118,0,125,0
2025-11-11 01:00:00,111,0,110,0
2025-11-11 02:00:00,98,0,120,0
2025-11-11 03:00:00,95.0,0,86,0
2025-11-11 04:00:00,91,0,100,0
2025-11-11 05:00:00,144,0,84,0
2025-11-11 06:00:00,81,0,125,0
2025-11-11 07:00:00,0,47.1,132,0
2025-11-11 08:00:00,0,37.2,106,0
2025-11-11 09:00:00,46,117,125,0
2025-11-11 10:00:00,135,78.9,64,0
2025-11-11 11:00:00,135,114,33,0
2025-11-11 12:00:00,130,103,106,0
2025-11-11 13:00:00,109,101,126,0
2025-11-11 14:00:00,124,97.5,125,0
2025-11-11 15:00:00,134,79.5,128,0
2025-11-11 16:00:00,131,110,132,0
2025-11-11 17:00:00,141,83.6,126,0
2025-11-11 18:00:00,90,95.4,116,0
2025-11-11 19:00:00,142,105,125,0
2025-11-11 20:00:00,113,,116,0
2025-11-11 21:00:00,76,0,118,0
2025-11-11 22:00:00,144,0,126,0
2025-11-11 23:00:00,123,0,115,0
2025-11-12 00:00:00,99,0,117,0
2025-11-12 01:00:00,70,0,105,0
2025-11-12 02:00:00,62,0,79,0
2025-11-12 03:00:00,135,0,130,0
2025-11-12 04:00:00,139,0,128,0
2025-11-12 05:00:00,140,0,65,0
2025-11-12 06:00:00,137,0,94,0
2025-11-12 07:00:00,142,41.0,0,0
2025-11-12 08:00:00,112,9.49,0,0
2025-11-12 09:00:00,150,73.4,84,0
2025-11-12 10:00:00,92,0,114,0
2025-11-12 11:00:00,122,62.1,116,0
2025-11-12 12:00:00,136,105,110,0
2025-11-12 13:00:00,136,77.6,111,0
2025-11-12 14:00:00,61,86.7,67,0
2025-11-12 15:00:00,136,102,104,0
2025-11-12 16:00:00,139,81.9,112,0
2025-11-12 17:00:00,147,110,121,0
2025-11-12 18:00:00,142,45.1,65,0
2025-11-12 19:00:00,121,106,94,0
2025-11-12 20:00:00,150,,125,0
2025-11-12 21:00:00,139,0,95,0
2025-11-12 22:00:00,75,0,120,0
2025-11-12 23:00:00,,0,124,0
2025-11-13 00:00:00,0,0,95,0
2025-11-13 01:00:00,0,0,109,0
2025-11-13 02:00:00,0,0,122,0
2025-11-13 03:00:00,0,0,75,0
2025-11-13 04:00:00,0,0,109,0
2025-11-13 05:00:00,0,0,114,0
2025-11-13 06:00:00,0,0,23,0
2025-11-13 07:00:00,0,42.5,0,0
2025-11-13 08:00:00,0,39.1,0,0
2025-11-13 09:00:00,0,107,,0
2025-11-13 10:00:00,0,107,0,0
2025-11-13 11:00:00,0,69.5,0,0
2025-11-13 12:00:00,0,33.3,0,0
2025-11-13 13:00:00,0,75.0,0,0
2025-11-13 14:00:00,0,115,0,0
2025-11-13 15:00:00,0,95.8,0,0
2025-11-13 16:00:00,0,113,0,0
2025-11-13 17:00:00,0,100,0,0
2025-11-13 18:00:00,0,107,0,0
2025-11-13 19:00:00,0,67,0,0
2025-11-13 20:00:00,0,,0,0
2025-11-13 21:00:00,0,0,0,0
2025-11-13 22:00:00,0,0,0,0
2025-11-13 23:00:00,0,0,0,0
2025-11-14 00:00:00,0,0,0,0
2025-11-14 01:00:00,0,0,0,0
2025-11-14 02:00:00,0,0,0,0
2025-11-14 03:00:00,0,0,0,0
2025-11-14 04:00:00,0,0,0,0
2025-11-14 05:00:00,0,0,0,0
2025-11-14 06:00:00,0,0,0,0
2025-11-14 07:00:00,0,44.4,0,0
2025-11-14 08:00:00,0,76.1,0,0
2025-11-14 09:00:00,0,106,0,0
2025-11-14 10:00:00,0,94.2,0,0
2025-11-14 11:00:00,0,127,0,0
2025-11-14 12:00:00,0,106,0,0
2025-11-14 13:00:00,0,102,0,0
2025-11-14 14:00:00,0,126,0,0
2025-11-14 15:00:00,0,124,0,0
2025-11-14 16:00:00,0,114,0,0
2025-11-14 17:00:00,0,114,0,0
2025-11-14 18:00:00,0,116,0,0
2025-11-14 19:00:00,0,61,0,0
2025-11-14 20:00:00,0,,0,0
2025-11-14 21:00:00,0,0,0,0
2025-11-14 22:00:00,0,0,0,0
2025-11-14 23:00:00,0,0,0,0
2025-11-15 00:00:00,0,0,0,0
2025-11-15 01:00:00,0,0,0,0
2025-11-15 02:00:00,0,0,0,0
2025-11-15 03:00:00,0,0,0,0
2025-11-15 04:00:00,0,0,0,0
2025-11-15 05:00:00,0,0,0,0
2025-11-15 06:00:00,0,0,0,0
2025-11-15 07:00:00,0,0,0,0
2025-11-15 08:00:00,0,0,0,0
2025-11-15 09:00:00,0,0,0,0
2025-11-15 10:00:00,0,0,0,0
2025-11-15 11:00:00,0,0,0,0
2025-11-15 12:00:00,0,0,0,0
2025-11-15 13:00:00,0,0,0,0
2025-11-15 14:00:00,0,0,0,0
2025-11-15 15:00:00,0,0,0,0
2025-11-15 16:00:00,0,0,0,0
2025-11-15 17:00:00,0,0,0,0
2025-11-15 18:00:00,0,0,0,0
2025-11-15 19:00:00,0,0,0,0
2025-11-15 20:00:00,0,0,0,0
2025-11-15 21:00:00,0,0,0,0
2025-11-15 22:00:00,0,0,0,0
2025-11-15 23:00:00,0,0,0,0
2025-11-16 00:00:00,0,0,0,0
2025-11-16 01:00:00,0,0,0,0
2025-11-16 02:00:00,0,0,0,0
2025-11-16 03:00:00,0,0,0,0
2025-11-16 04:00:00,0,0,0,0
2025-11-16 05:00:00,0,0,0,0
2025-11-16 06:00:00,0,0,0,0
2025-11-16 07:00:00,0,0,0,0
2025-11-16 08:00:00,0,0,0,0
2025-11-16 09:00:00,0,0,0,0
2025-11-16 10:00:00,0,0,0,0
2025-11-16 11:00:00,0,0,0,0
2025-11-16 12:00:00,0,0,0,0
2025-11-16 13:00:00,0,0,0,0
2025-11-16 14:00:00,0,0,0,0
2025-11-16 15:00:00,0,0,0,0
2025-11-16 16:00:00,0,0,0,0
2025-11-16 17:00:00,0,0,0,0
2025-11-16 18:00:00,0,0,0,0
2025-11-16 19:00:00,0,0,0,0
2025-11-16 20:00:00,0,0,0,0
2025-11-16 21:00:00,0,0,0,0
2025-11-16 22:00:00,0,0,0,0
2025-11-16 23:00:00,0,0,0,0
2025-11-17 00:00:00,0,0,0,0
2025-11-17 01:00:00,0,0,0,0
2025-11-17 02:00:00,0,0,0,0
2025-11-17 03:00:00,0,0,0,0
2025-11-17 04:00:00,0,0,0,0
2025-11-17 05:00:00,0,0,0,0
2025-11-17 06:00:00,0,0,0,0
2025-11-17 07:00:00,0,0,0,0
2025-11-17 08:00:00,0,0,0,0
2025-11-17 09:00:00,0,0,0,0
2025-11-17 10:00:00,0,0,0,0
2025-11-17 11:00:00,0,0,0,0
2025-11-17 12:00:00,0,0,0,0
2025-11-17 13:00:00,0,0,0,0
2025-11-17 14:00:00,0,0,0,0
2025-11-17 15:00:00,0,0,0,0
2025-11-17 16:00:00,0,0,0,0
2025-11-17 17:00:00,0,0,0,0
2025-11-17 18:00:00,0,0,0,0
2025-11-17 19:00:00,0,0,0,0
2025-11-17 20:00:00,0,0,0,0
2025-11-17 21:00:00,0,0,0,0
2025-11-17 22:00:00,0,0,0,0
2025-11-17 23:00:00,0,0,0,0
2025-11-18 00:00:00,0,0,0,0
2025-11-18 01:00:00,0,0,0,0
2025-11-18 02:00:00,0,0,0,0
2025-11-18 03:00:00,0,0,0,0
2025-11-18 04:00:00,0,0,0,0
2025-11-18 05:00:00,0,0,0,0
2025-11-18 06:00:00,0,0,0,0
2025-11-18 07:00:00,0,0,0,0
2025-11-18 08:00:00,0,0,0,0
2025-11-18 09:00:00,0,0,0,0
2025-11-18 10:00:00,0,0,0,0
2025-11-18 11:00:00,0,0,0,0
2025-11-18 12:00:00,0,0,0,0
2025-11-18 13:00:00,0,0,0,0
2025-11-18 14:00:00,0,0,0,0
2025-11-18 15:00:00,0,0,0,0
2025-11-18 16:00:00,0,0,0,0
2025-11-18 17:00:00,0,0,0,0
2025-11-18 18:00:00,0,0,0,0
2025-11-18 19:00:00,0,0,0,0
2025-11-18 20:00:00,0,0,0,0
2025-11-18 21:00:00,0,0,0,0
2025-11-18 22:00:00,0,0,0,0
2025-11-18 23:00:00,0,0,0,0
2025-11-19 00:00:00,0,0,0,0
2025-11-19 01:00:00,0,0,0,0
2025-11-19 02:00:00,0,0,0,0
2025-11-19 03:00:00,0,0,0,0
2025-11-19 04:00:00,0,0,0,0
2025-11-19 05:00:00,0,0,0,0
2025-11-19 06:00:00,0,0,0,0
2025-11-19 07:00:00,0,0,0,0
2025-11-19 08:00:00,0,0,0,0
2025-11-19 09:00:00,0,0,0,0
2025-11-19 10:00:00,0,0,0,0
2025-11-19 11:00:00,0,0,0,0
2025-11-19 12:00:00,0,0,0,0
2025-11-19 13:00:00,0,0,0,0
2025-11-19 14:00:00,0,0,0,0
2025-11-19 15:00:00,0,0,0,0
2025-11-19 16:00:00,0,0,0,0
2025-11-19 17:00:00,0,0,0,0
2025-11-19 18:00:00,0,0,0,0
2025-11-19 19:00:00,0,0,0,0
2025-11-19 20:00:00,0,0,0,0
2025-11-19 21:00:00,0,0,0,0
2025-11-19 22:00:00,0,0,0,0
2025-11-19 23:00:00,0,0,0,0
2025-11-20 00:00:00,0,0,0,0
2025-11-20 01:00:00,0,0,0,0
2025-11-20 02:00:00,0,0,0,0
2025-11-20 03:00:00,0,0,0,0
2025-11-20 04:00:00,0,0,0,0
2025-11-20 05:00:00,0,0,0,0
2025-11-20 06:00:00,0,0,0,0
2025-11-20 07:00:00,0,0,0,0
2025-11-20 08:00:00,0,0,0,0
2025-11-20 09:00:00,0,0,0,0
2025-11-20 10:00:00,0,0,0,0
2025-11-20 11:00:00,0,0,0,0
2025-11-20 12:00:00,0,0,0,0
2025-11-20 13:00:00,0,0,0,0
2025-11-20 14:00:00,0,0,0,0
2025-11-20 15:00:00,0,0,0,0
2025-11-20 16:00:00,0,0,0,0
2025-11-20 17:00:00,0,0,0,0
2025-11-20 18:00:00,0,0,0,0
2025-11-20 19:00:00,0,0,0,0
2025-11-20 20:00:00,0,0,0,0
2025-11-20 21:00:00,0,0,0,0
2025-11-20 22:00:00,0,0,0,0
2025-11-20 23:00:00,0,0,0,0
2025-11-21 00:00:00,0,0,0,0
2025-11-21 01:00:00,0,0,0,0
2025-11-21 02:00:00,0,0,0,0
2025-11-21 03:00:00,0,0,0,0
2025-11-21 04:00:00,0,0,0,0
2025-11-21 05:00:00,0,0,0,0
2025-11-21 06:00:00,0,0,0,0
2025-11-21 07:00:00,0,0,0,0
2025-11-21 08:00:00,0,0,0,0
2025-11-21 09:00:00,0,0,0,0
2025-11-21 10:00:00,0,0,0,0
2025-11-21 11:00:00,0,0,0,0
2025-11-21 12:00:00,0,0,0,0
2025-11-21 13:00:00,0,0,0,0
2025-11-21 14:00:00,0,0,0,0
2025-11-21 15:00:00,0,0,0,0
2025-11-21 16:00:00,0,0,0,0
2025-11-21 17:00:00,0,0,0,0
2025-11-21 18:00:00,0,0,0,0
2025-11-21 19:00:00,0,0,0,0
2025-11-21 20:00:00,0,0,0,0
2025-11-21 21:00:00,0,0,0,0
2025-11-21 22:00:00,0,0,0,0
2025-11-21 23:00:00,0,0,0,0
2025-11-22 00:00:00,0,0,0,0
2025-11-22 01:00:00,0,0,0,0
2025-11-22 02:00:00,0,0,0,0
2025-11-22 03:00:00,0,0,0,0
2025-11-22 04:00:00,0,0,0,0
2025-11-22 05:00:00,0,0,0,0
2025-11-22 06:00:00,0,0,0,0
2025-11-22 07:00:00,0,0,0,0
2025-11-22 08:00:00,0,0,0,0
2025-11-22 09:00:00,0,0,0,0
2025-11-22 10:00:00,0,0,0,0
2025-11-22 11:00:00,0,0,0,0
2025-11-22 12:00:00,0,0,0,0
2025-11-22 13:00:00,0,0,0,0
2025-11-22 14:00:00,0,0,0,0
2025-11-22 15:00:00,0,0,0,0
2025-11-22 16:00:00,0,0,0,0
2025-11-22 17:00:00,0,0,0,0
2025-11-22 18:00:00,0,0,0,0
2025-11-22 19:00:00,0,0,0,0
2025-11-22 20:00:00,0,0,0,0
2025-11-22 21:00:00,0,0,0,0
2025-11-22 22:00:00,0,0,0,0
2025-11-22 23:00:00,0,0,0,0
2025-11-23 00:00:00,0,0,0,0
2025-11-23 01:00:00,0,0,0,0
2025-11-23 02:00:00,0,0,0,0
2025-11-23 03:00:00,0,0,0,0
2025-11-23 04:00:00,0,0,0,0
2025-11-23 05:00:00,0,0,0,0
2025-11-23 06:00:00,0,0,0,0
2025-11-23 07:00:00,0,0,0,0
2025-11-23 08:00:00,0,0,0,0
2025-11-23 09:00:00,0,0,0,0
2025-11-23 10:00:00,0,0,0,0
2025-11-23 11:00:00,0,0,0,0
2025-11-23 12:00:00,0,0,0,0
2025-11-23 13:00:00,0,0,0,0
2025-11-23 14:00:00,0,0,0,0
2025-11-23 15:00:00,0,0,0,0
2025-11-23 16:00:00,0,0,0,0
2025-11-23 17:00:00,0,0,0,0
2025-11-23 18:00:00,0,0,0,0
2025-11-23 19:00:00,0,0,0,0
2025-11-23 20:00:00,0,0,0,0
2025-11-23 21:00:00,0,0,0,0
2025-11-23 22:00:00,0,0,0,0
2025-11-23 23:00:00,0,0,0,0
2025-11-24 00:00:00,0,0,0,0
2025-11-24 01:00:00,0,0,0,0
2025-11-24 02:00:00,0,0,0,0
2025-11-24 03:00:00,0,0,0,0
2025-11-24 04:00:00,0,0,0,0
2025-11-24 05:00:00,0,0,0,0
2025-11-24 06:00:00,0,0,0,0
2025-11-24 07:00:00,0,0,0,0
2025-11-24 08:00:00,0,0,27.3,0
2025-11-24 09:00:00,0,0,92.2,0
2025-11-24 10:00:00,0,0,42.2,0
2025-11-24 11:00:00,0,0,37.8,0
2025-11-24 12:00:00,0,0,46.1,0
2025-11-24 13:00:00,0,0,4.30,0
2025-11-24 14:00:00,0,0,103,0
2025-11-24 15:00:00,0,0,66.5,0
2025-11-24 16:00:00,0,0,78.2,0
2025-11-24 17:00:00,0,0,95.4,15.7
2025-11-24 18:00:00,0,0,61.2,40.3
2025-11-24 19:00:00,0,0,42.6,5.56
2025-11-24 20:00:00,0,0,42.0,0
2025-11-24 21:00:00,0,0,61.8,0
2025-11-24 22:00:00,0,0,78.8,21.8
2025-11-24 23:00:00,0,0,74.6,33.7
2025-11-25 00:00:00,0,0,91.2,11.4
2025-11-25 01:00:00,0,0,104,24.6
2025-11-25 02:00:00,9.90,0,116,30.4
2025-11-25 03:00:00,44.5,0,99,11.6
2025-11-25 04:00:00,131,0,131,15.2
2025-11-25 05:00:00,135,0,128,44.4
2025-11-25 06:00:00,143,0,96,30.6
2025-11-25 07:00:00,130,0,99,30.6
2025-11-25 08:00:00,88.8,0,45,24.9